frame,NOSE_x,NOSE_y,NOSE_z,NOSE_v,LEFT_SHOULDER_x,LEFT_SHOULDER_y,LEFT_SHOULDER_z,LEFT_SHOULDER_v,RIGHT_SHOULDER_x,RIGHT_SHOULDER_y,RIGHT_SHOULDER_z,RIGHT_SHOULDER_v
0,0.5090413093566895,0.532669723033905,-0.8257258534431458,0.9999586343765259,0.729056715965271,0.9107323288917542,-0.24655519425868988,0.9960517287254333,0.28471753001213074,0.8827913999557495,-0.28593385219573975,0.9984764456748962
1,0.5049726366996765,0.5305997133255005,-0.6777706742286682,0.9999591708183289,0.7299767732620239,0.9116427898406982,-0.22712527215480804,0.9961252808570862,0.28185591101646423,0.8833872675895691,-0.2543109357357025,0.9984574317932129
2,0.5025795698165894,0.5293949842453003,-0.6632009148597717,0.9999605417251587,0.7303075790405273,0.9117169976234436,-0.21231094002723694,0.9962717890739441,0.27991554141044617,0.8847453594207764,-0.2459123432636261,0.9984797835350037
3,0.5014474987983704,0.5294196009635925,-0.6371222734451294,0.9999621510505676,0.7302844524383545,0.9114735722541809,-0.18221117556095123,0.9964126944541931,0.2783360481262207,0.8860626816749573,-0.22342172265052795,0.9985226392745972
4,0.5006376504898071,0.5299898982048035,-0.6462691426277161,0.9999639391899109,0.7300492525100708,0.9100682735443115,-0.17922477424144745,0.9965593218803406,0.27765142917633057,0.8861309289932251,-0.21681885421276093,0.9985717535018921
5,0.5003916621208191,0.5300818085670471,-0.654059648513794,0.9999650716781616,0.7296751141548157,0.9097434878349304,-0.18434689939022064,0.9966496825218201,0.27711912989616394,0.8873611688613892,-0.22416694462299347,0.9985983371734619
6,0.5001882910728455,0.5305390357971191,-0.6498088836669922,0.9999657273292542,0.7296700477600098,0.9097303748130798,-0.189283087849617,0.9967553019523621,0.27712535858154297,0.8884815573692322,-0.22451412677764893,0.9986110925674438
7,0.5000292658805847,0.5309823155403137,-0.6537073254585266,0.9999662041664124,0.7296270132064819,0.9094007611274719,-0.19080492854118347,0.9968135952949524,0.277138888835907,0.8890049457550049,-0.22517667710781097,0.9986323714256287
8,0.49994614720344543,0.5322816371917725,-0.6607165932655334,0.9999663829803467,0.7296827435493469,0.9090923070907593,-0.1938769817352295,0.9968578815460205,0.2771528363227844,0.8898820877075195,-0.2274438589811325,0.9986543655395508
9,0.49995750188827515,0.5341850519180298,-0.6241403818130493,0.999967634677887,0.729688823223114,0.9090046286582947,-0.16717272996902466,0.9968864321708679,0.2771632671356201,0.8898606896400452,-0.19357967376708984,0.9986914992332458
10,0.4999655783176422,0.5353279709815979,-0.6171467900276184,0.9999683499336243,0.7298726439476013,0.909005880355835,-0.15498679876327515,0.9968521595001221,0.2771883010864258,0.8903368711471558,-0.18444707989692688,0.9987161159515381
11,0.4999740719795227,0.5356826186180115,-0.6299483180046082,0.999969482421875,0.7298949360847473,0.9090129137039185,-0.1605389416217804,0.9968768358230591,0.2771591544151306,0.8904822468757629,-0.19223399460315704,0.9987643957138062
12,0.500027060508728,0.5358663201332092,-0.6276260614395142,0.9999707937240601,0.7298828959465027,0.9090104699134827,-0.1620805561542511,0.996957004070282,0.27700182795524597,0.8908745646476746,-0.1908014714717865,0.9988082051277161
13,0.5000360012054443,0.5361777544021606,-0.5896368026733398,0.9999716877937317,0.7297477722167969,0.9090585708618164,-0.1265818476676941,0.996941328048706,0.27692797780036926,0.8908757567405701,-0.15733154118061066,0.9988184571266174
14,0.5000414848327637,0.5366805791854858,-0.5953871011734009,0.9999719858169556,0.7297126650810242,0.9093900918960571,-0.12560854852199554,0.9969012141227722,0.2769128382205963,0.8909040689468384,-0.15981820225715637,0.9988276958465576
15,0.5000350475311279,0.538550853729248,-0.6048810482025146,0.9999728202819824,0.7297108769416809,0.910129964351654,-0.13366124033927917,0.9969488382339478,0.2766423523426056,0.8911841511726379,-0.16077764332294464,0.9988629221916199
16,0.5002614259719849,0.5407975912094116,-0.6077771782875061,0.9999727606773376,0.729690432548523,0.9111619591712952,-0.12795774638652802,0.9969026446342468,0.2760099172592163,0.891886293888092,-0.16598156094551086,0.9988783001899719
17,0.5006418228149414,0.5437687635421753,-0.6112174987792969,0.9999724626541138,0.7297482490539551,0.9118335247039795,-0.1324714869260788,0.9968286752700806,0.2754780352115631,0.8922151923179626,-0.1701255738735199,0.998893678188324
18,0.5008174777030945,0.5470520853996277,-0.6097613573074341,0.9999720454216003,0.7297471165657043,0.9119822978973389,-0.13242538273334503,0.9968304634094238,0.2754709720611572,0.8922277092933655,-0.1717596799135208,0.9988880157470703
19,0.5008707642555237,0.5507832765579224,-0.6076988577842712,0.9999720454216003,0.7296291589736938,0.9119855165481567,-0.13195332884788513,0.9968206882476807,0.27550333738327026,0.8922128677368164,-0.17081710696220398,0.9988719820976257
20,0.5013667345046997,0.557104766368866,-0.6132408380508423,0.9999721646308899,0.7294524312019348,0.9119710922241211,-0.1332249492406845,0.9968961477279663,0.2755211889743805,0.892213761806488,-0.17217588424682617,0.9988604187965393
21,0.4993670880794525,0.5656777024269104,-0.6679850816726685,0.9999725222587585,0.7294479012489319,0.9121772646903992,-0.14348603785037994,0.9969527125358582,0.27552077174186707,0.891857922077179,-0.17401349544525146,0.9988570213317871
22,0.4990168809890747,0.5780279040336609,-0.6965215802192688,0.9999734163284302,0.7289795279502869,0.9123883843421936,-0.14610646665096283,0.9970343112945557,0.2754687964916229,0.8918613195419312,-0.1890202760696411,0.998862087726593
23,0.49778294563293457,0.5901442766189575,-0.6830347776412964,0.9999743700027466,0.7289756536483765,0.9132581353187561,-0.14464160799980164,0.9970887303352356,0.27562013268470764,0.8917639255523682,-0.18701183795928955,0.9988580942153931
24,0.4961358606815338,0.601206362247467,-0.7041997313499451,0.9999756217002869,0.7287180423736572,0.9132086038589478,-0.14818936586380005,0.9971720576286316,0.27595871686935425,0.8910129070281982,-0.179615780711174,0.9988659620285034
25,0.49466630816459656,0.6073030829429626,-0.7291220426559448,0.9999745488166809,0.7287358045578003,0.9133513569831848,-0.16528718173503876,0.9972001910209656,0.2761516571044922,0.8907502889633179,-0.18213005363941193,0.9988709092140198
26,0.49261152744293213,0.6124060153961182,-0.7369292378425598,0.9999719858169556,0.7288460731506348,0.9133869409561157,-0.19091510772705078,0.9972216486930847,0.27661964297294617,0.8903850317001343,-0.1867852807044983,0.998882532119751
27,0.4923892617225647,0.6197527647018433,-0.7819109559059143,0.9999690651893616,0.7282376289367676,0.9129178524017334,-0.201080322265625,0.9972472190856934,0.2766420543193817,0.8900533318519592,-0.18791429698467255,0.9988799691200256
28,0.49179404973983765,0.6237995624542236,-0.757951557636261,0.9999651908874512,0.7279454469680786,0.91260826587677,-0.19502905011177063,0.9972522258758545,0.27664825320243835,0.8900443315505981,-0.18171128630638123,0.9988694190979004
29,0.4918028712272644,0.6271066665649414,-0.7782934904098511,0.9999642372131348,0.7275325655937195,0.9125208258628845,-0.19225667417049408,0.997270941734314,0.2746630012989044,0.8909121155738831,-0.1862621158361435,0.9988501071929932
30,0.49162620306015015,0.6315081119537354,-0.763884425163269,0.999964714050293,0.7272014617919922,0.9121995568275452,-0.18815100193023682,0.9972875714302063,0.2737688422203064,0.8912585973739624,-0.1815599501132965,0.9988412261009216
31,0.4916788637638092,0.640321671962738,-0.7558812499046326,0.999964714050293,0.7262524366378784,0.911738395690918,-0.18075361847877502,0.9973114132881165,0.2729285657405853,0.8918339014053345,-0.1782153844833374,0.998824954032898
32,0.4914109408855438,0.645740807056427,-0.7587789297103882,0.9999638199806213,0.726068913936615,0.911407470703125,-0.1804490089416504,0.9973414540290833,0.27267032861709595,0.8918876647949219,-0.17765389382839203,0.9988043904304504
33,0.4931217432022095,0.6566058397293091,-0.8206130266189575,0.9999622702598572,0.7258395552635193,0.9109318852424622,-0.1898607611656189,0.9973711371421814,0.27188724279403687,0.892886757850647,-0.19502146542072296,0.9987695217132568
34,0.49325814843177795,0.6619748473167419,-0.8529148697853088,0.9999592900276184,0.7255725860595703,0.9108454585075378,-0.21293208003044128,0.997408390045166,0.2717653214931488,0.8928226232528687,-0.20454999804496765,0.9987404942512512
35,0.494132936000824,0.6698638200759888,-0.8427571058273315,0.9999486207962036,0.7253704071044922,0.9108468890190125,-0.23205263912677765,0.9973899126052856,0.27029451727867126,0.8933857679367065,-0.22575034201145172,0.9987411499023438
36,0.49426326155662537,0.6759722232818604,-0.8571879863739014,0.9999365210533142,0.7252891659736633,0.9110689759254456,-0.27250936627388,0.997369647026062,0.2702883780002594,0.8931899070739746,-0.2563536763191223,0.9987404346466064
37,0.4949289858341217,0.6800580620765686,-0.8440638184547424,0.999924898147583,0.725447416305542,0.9114757776260376,-0.2957909107208252,0.9973893165588379,0.2700134515762329,0.8938475847244263,-0.28227806091308594,0.9987653493881226
38,0.4949661195278168,0.6879172325134277,-0.8344539403915405,0.9999123811721802,0.7257970571517944,0.9121902585029602,-0.3027462065219879,0.997450053691864,0.2696879208087921,0.8945655226707458,-0.2818711996078491,0.9987940788269043
39,0.4944044351577759,0.6934264898300171,-0.8293423056602478,0.9998988509178162,0.7264333367347717,0.9141180515289307,-0.3018091320991516,0.9974310994148254,0.2691954970359802,0.8959593772888184,-0.27596163749694824,0.9988099932670593
40,0.49379685521125793,0.6995511054992676,-0.8283980488777161,0.9998875260353088,0.7269439101219177,0.9149326086044312,-0.30056872963905334,0.9974703788757324,0.2690861225128174,0.8964809775352478,-0.27154552936553955,0.9988395571708679
41,0.49222439527511597,0.7015163898468018,-0.8248130083084106,0.9998769164085388,0.7279707193374634,0.9157995581626892,-0.29978713393211365,0.997434139251709,0.2695425748825073,0.8963924646377563,-0.26798221468925476,0.9988572597503662
42,0.4926954507827759,0.7012953758239746,-0.8067779541015625,0.9998700618743896,0.7287399172782898,0.9167802333831787,-0.295027494430542,0.9974315762519836,0.2695382833480835,0.8962187767028809,-0.26512250304222107,0.9988847374916077
43,0.4922662675380707,0.7013091444969177,-0.764018714427948,0.9998653531074524,0.7296314835548401,0.9182182550430298,-0.2914147973060608,0.997412919998169,0.26934123039245605,0.8961828351020813,-0.26356273889541626,0.998916506767273
44,0.49147456884384155,0.700545608997345,-0.7407081127166748,0.999861478805542,0.7308357357978821,0.9187880754470825,-0.2909489870071411,0.9973946213722229,0.2693706750869751,0.8961695432662964,-0.26249539852142334,0.9989319443702698
45,0.49143123626708984,0.7014718651771545,-0.7385430335998535,0.999860405921936,0.7311339974403381,0.9193522930145264,-0.28994518518447876,0.9973867535591125,0.26936623454093933,0.8961764574050903,-0.26153144240379333,0.9989358186721802
46,0.49209064245224,0.7046957015991211,-0.7455813884735107,0.9998534321784973,0.7317159175872803,0.9195016622543335,-0.298165500164032,0.997379720211029,0.2693183422088623,0.8965966701507568,-0.2625669538974762,0.9989383220672607
47,0.4955548942089081,0.7070589661598206,-0.7391872406005859,0.9998521208763123,0.7317807674407959,0.9197013974189758,-0.28259673714637756,0.9974130988121033,0.26891931891441345,0.8975950479507446,-0.2557325065135956,0.9989464282989502
48,0.4959299862384796,0.7120633721351624,-0.7503817677497864,0.9998465180397034,0.731726348400116,0.919790506362915,-0.28796619176864624,0.9974234700202942,0.26877424120903015,0.8979247212409973,-0.2557971775531769,0.9989562034606934
49,0.49461063742637634,0.7160072922706604,-0.7503774166107178,0.9998398423194885,0.731711745262146,0.9200467467308044,-0.29080730676651,0.9974237084388733,0.2687980532646179,0.8979287147521973,-0.2503003180027008,0.9989659786224365
50,0.49285414814949036,0.7172769904136658,-0.7510533928871155,0.9998341202735901,0.7322425842285156,0.9204217791557312,-0.2939532399177551,0.9974473714828491,0.2695552110671997,0.8979331851005554,-0.24823379516601562,0.9989429116249084
51,0.49152860045433044,0.7174414992332458,-0.7523691058158875,0.9998202919960022,0.73334801197052,0.9205687046051025,-0.30205678939819336,0.9974057674407959,0.2706388831138611,0.8981900811195374,-0.2499484270811081,0.9988897442817688
52,0.4896993041038513,0.7173129320144653,-0.745364785194397,0.9998138546943665,0.733534574508667,0.9206794500350952,-0.3010028004646301,0.997346043586731,0.271089643239975,0.8983583450317383,-0.24730335175991058,0.9988689422607422
53,0.48950663208961487,0.7173239588737488,-0.7347914576530457,0.9998083710670471,0.734486997127533,0.9210326075553894,-0.30024823546409607,0.9973345398902893,0.27115175127983093,0.9001049399375916,-0.24388159811496735,0.9988483786582947
54,0.49069496989250183,0.7168153524398804,-0.7459877133369446,0.9998101592063904,0.734650194644928,0.9210609197616577,-0.299784392118454,0.9974064826965332,0.27099528908729553,0.9001034498214722,-0.25816792249679565,0.9988444447517395
55,0.4908003509044647,0.7153609991073608,-0.7613059878349304,0.9998117089271545,0.7357763648033142,0.9213854670524597,-0.3018871545791626,0.9974625110626221,0.2715066075325012,0.9001424908638,-0.26658469438552856,0.9988031983375549
56,0.49048247933387756,0.7139608860015869,-0.7697441577911377,0.9998177289962769,0.7360787987709045,0.9214779138565063,-0.30253836512565613,0.9975456595420837,0.27205076813697815,0.9001597166061401,-0.2682119905948639,0.9987887740135193
57,0.489973783493042,0.7128044366836548,-0.7502759099006653,0.9998147487640381,0.7361143231391907,0.9215047359466553,-0.3023238182067871,0.9975764155387878,0.2721947431564331,0.9002857804298401,-0.26432669162750244,0.9987481236457825
58,0.48978832364082336,0.7095098495483398,-0.7369660139083862,0.9998028874397278,0.7364919185638428,0.9219177961349487,-0.30204617977142334,0.9975287914276123,0.27261459827423096,0.9004254937171936,-0.25164803862571716,0.998693585395813
59,0.4881495237350464,0.7089980244636536,-0.7360016107559204,0.999796986579895,0.7372154593467712,0.9238927960395813,-0.30328506231307983,0.9975268840789795,0.27266132831573486,0.9006012082099915,-0.24375514686107635,0.9986670017242432
60,0.4865131080150604,0.7077677249908447,-0.7348564863204956,0.9997968673706055,0.7372044920921326,0.9245095252990723,-0.30353859066963196,0.9975557923316956,0.2722986340522766,0.901606559753418,-0.24367627501487732,0.9986869096755981
61,0.4864378273487091,0.7069413661956787,-0.7425224781036377,0.9997941255569458,0.7366812229156494,0.9246219396591187,-0.30368179082870483,0.9975956678390503,0.2721034288406372,0.9022853374481201,-0.24536064267158508,0.9986993074417114
62,0.4862847328186035,0.7040418982505798,-0.7427870035171509,0.9997957944869995,0.7364358305931091,0.9250707030296326,-0.2984514832496643,0.9976270794868469,0.2715424597263336,0.9029152989387512,-0.24541044235229492,0.9987097978591919
63,0.4850640296936035,0.6962645053863525,-0.7463100552558899,0.9997968673706055,0.7364383935928345,0.9253333806991577,-0.2971556782722473,0.9976612329483032,0.2715212106704712,0.9029308557510376,-0.24706155061721802,0.9987151622772217
64,0.485103964805603,0.6887867450714111,-0.7411840558052063,0.9997993111610413,0.7364204525947571,0.9254104495048523,-0.2841278314590454,0.9977039694786072,0.2711307108402252,0.9029384255409241,-0.2453577071428299,0.998714804649353
65,0.49112468957901,0.686317503452301,-0.755696177482605,0.9998030662536621,0.7363248467445374,0.9252321720123291,-0.284127414226532,0.9977668523788452,0.2701762020587921,0.9034407734870911,-0.2593071162700653,0.9987189769744873
66,0.4957267940044403,0.6843133568763733,-0.7367159724235535,0.9998096823692322,0.7358669638633728,0.9252105951309204,-0.2649562358856201,0.9978287220001221,0.2685885727405548,0.9037102460861206,-0.25116363167762756,0.9987359642982483
67,0.49632376432418823,0.6732784509658813,-0.7374226450920105,0.9998162388801575,0.7353312969207764,0.9247696995735168,-0.2624993324279785,0.9978693723678589,0.2678006887435913,0.9038003087043762,-0.25036290287971497,0.9987545013427734
68,0.4968438148498535,0.6619236469268799,-0.7297303080558777,0.9998260140419006,0.7336191534996033,0.9241281151771545,-0.24609781801700592,0.9979123473167419,0.26700231432914734,0.9038922786712646,-0.24872151017189026,0.9987806677818298
69,0.4973871409893036,0.645848274230957,-0.730585515499115,0.9998348951339722,0.7321799397468567,0.9231443405151367,-0.240280881524086,0.997921884059906,0.26668381690979004,0.9039135575294495,-0.24898941814899445,0.9987971186637878
70,0.4972068965435028,0.6393330097198486,-0.7309914827346802,0.9998434782028198,0.7316328883171082,0.9224478602409363,-0.2431640625,0.9979264140129089,0.267016738653183,0.9034357666969299,-0.2488870620727539,0.9988201260566711
71,0.497109591960907,0.6310753226280212,-0.7315172553062439,0.9998540282249451,0.7314059138298035,0.9222078323364258,-0.23209941387176514,0.9979107975959778,0.2672043740749359,0.9033746719360352,-0.24753287434577942,0.998833417892456
72,0.4970230162143707,0.6240278482437134,-0.7276860475540161,0.9998629689216614,0.7314367294311523,0.9222188591957092,-0.2357962280511856,0.9979387521743774,0.26729506254196167,0.9033345580101013,-0.2519841194152832,0.9988527894020081
73,0.4969620406627655,0.6178815960884094,-0.7247289419174194,0.9998716115951538,0.731282114982605,0.9221413731575012,-0.23793688416481018,0.9979451298713684,0.2673448324203491,0.9033704400062561,-0.2618680000305176,0.9988691806793213
74,0.4969266653060913,0.6113882064819336,-0.7031548619270325,0.999880850315094,0.7311843633651733,0.9220600724220276,-0.23246537148952484,0.9979931116104126,0.26753461360931396,0.9036758542060852,-0.2615441679954529,0.9988979697227478
75,0.4978155493736267,0.5996255278587341,-0.698102593421936,0.9998897314071655,0.7312188744544983,0.9218122959136963,-0.22699260711669922,0.9980130791664124,0.2676180899143219,0.9037001729011536,-0.2611837387084961,0.998927652835846
76,0.5003365874290466,0.5911358594894409,-0.6895650029182434,0.9998982548713684,0.731205940246582,0.9217442274093628,-0.21469129621982574,0.998024582862854,0.2673105299472809,0.9045293927192688,-0.26080456376075745,0.9989568591117859
77,0.502400279045105,0.582038938999176,-0.6931580305099487,0.9999065399169922,0.7312830090522766,0.9214282631874084,-0.2167576402425766,0.9980319738388062,0.267214298248291,0.9046152830123901,-0.26521047949790955,0.9989825487136841
78,0.5025262236595154,0.5663741827011108,-0.6735125184059143,0.9999136924743652,0.7314012050628662,0.9209375381469727,-0.20213714241981506,0.9980252385139465,0.2668881118297577,0.9050742983818054,-0.2618248164653778,0.9990039467811584
79,0.5025575160980225,0.5544849038124084,-0.6793211698532104,0.9999199509620667,0.7315020561218262,0.920922577381134,-0.20398536324501038,0.998030424118042,0.26661694049835205,0.9050225019454956,-0.26768696308135986,0.9990254044532776
80,0.5025449991226196,0.5435393452644348,-0.6817849278450012,0.9999257922172546,0.7316980361938477,0.9208837151527405,-0.2030736356973648,0.9980235695838928,0.266616553068161,0.9049419164657593,-0.2692221701145172,0.9990435242652893
81,0.5025106072425842,0.5289651155471802,-0.6781145930290222,0.9999309778213501,0.7321779131889343,0.9208818078041077,-0.1973968893289566,0.9979437589645386,0.2665601968765259,0.9052390456199646,-0.2701222002506256,0.9990412592887878
82,0.5024121403694153,0.5133857131004333,-0.6719146966934204,0.9999358654022217,0.7323342561721802,0.9206832051277161,-0.19292312860488892,0.9978042244911194,0.26655644178390503,0.9053567051887512,-0.26901498436927795,0.9990211725234985
83,0.5023209452629089,0.5041750073432922,-0.6582483649253845,0.9999404549598694,0.7325302362442017,0.9206681251525879,-0.1823209971189499,0.9977262616157532,0.2665407359600067,0.9053537845611572,-0.2587353587150574,0.9990131855010986
84,0.5022886991500854,0.4981229603290558,-0.6496347784996033,0.9999448657035828,0.7325782775878906,0.9206532835960388,-0.17557188868522644,0.9976189136505127,0.266525536775589,0.9053597450256348,-0.24719585478305817,0.9990039467811584
85,0.5022838711738586,0.49388453364372253,-0.6531439423561096,0.9999486207962036,0.7325905561447144,0.920617401599884,-0.1775738000869751,0.9975205063819885,0.26670584082603455,0.9051758646965027,-0.24756859242916107,0.9989945888519287
86,0.5022647976875305,0.4867016673088074,-0.6427196860313416,0.9999514222145081,0.7325944304466248,0.9206101298332214,-0.1732768416404724,0.9974258542060852,0.2667054235935211,0.904956579208374,-0.2487669140100479,0.9989877343177795
87,0.5022488832473755,0.4802573323249817,-0.6467385292053223,0.999954879283905,0.7324042320251465,0.920487105846405,-0.1741102635860443,0.9973328709602356,0.2667182385921478,0.9043230414390564,-0.2488158643245697,0.998971700668335
88,0.5019265413284302,0.47611871361732483,-0.6487200856208801,0.9999573230743408,0.7323170304298401,0.920473575592041,-0.17571014165878296,0.9972396492958069,0.2667704224586487,0.9043245315551758,-0.24840283393859863,0.9989331364631653
89,0.5019094944000244,0.4717859625816345,-0.6503643989562988,0.9999598860740662,0.7321696877479553,0.9201177954673767,-0.17660322785377502,0.9971762299537659,0.26743820309638977,0.9042080640792847,-0.24519336223602295,0.9988946914672852
90,0.5019018054008484,0.4619613587856293,-0.6511185765266418,0.9999616742134094,0.7321725487709045,0.9202357530593872,-0.18021319806575775,0.996951699256897,0.2675824761390686,0.9041597247123718,-0.24556802213191986,0.9987981915473938
91,0.502011775970459,0.4538740813732147,-0.6503822803497314,0.9999638199806213,0.7321501970291138,0.9202070236206055,-0.1777639240026474,0.996881902217865,0.267889142036438,0.904021143913269,-0.2457440197467804,0.9987500309944153
92,0.5020075440406799,0.44910600781440735,-0.6340253353118896,0.9999654293060303,0.7321792840957642,0.9202439188957214,-0.1698836088180542,0.9968023300170898,0.26800981163978577,0.9043149948120117,-0.23424968123435974,0.9986422061920166
93,0.5023427605628967,0.4395846426486969,-0.6187147498130798,0.9999669194221497,0.7326305508613586,0.9202828407287598,-0.16558955609798431,0.9966974854469299,0.268078476190567,0.9046847224235535,-0.21986429393291473,0.9985182285308838
94,0.5025943517684937,0.434809148311615,-0.6118161082267761,0.9999675750732422,0.7326508164405823,0.9197932481765747,-0.1637859046459198,0.9966111183166504,0.26814278960227966,0.9048118591308594,-0.21368806064128876,0.9983590245246887
95,0.5027132034301758,0.4287845492362976,-0.6161364316940308,0.999967634677887,0.7325419783592224,0.9188084006309509,-0.1644572615623474,0.9964925050735474,0.26835986971855164,0.9046515822410583,-0.21634428203105927,0.9982436895370483
96,0.5027111172676086,0.4269683361053467,-0.6194890141487122,0.9999680519104004,0.7324759364128113,0.9181560277938843,-0.1702212542295456,0.9964121580123901,0.2690139412879944,0.9044868350028992,-0.21444080770015717,0.9981409311294556
97,0.5032552480697632,0.4243355989456177,-0.6213944554328918,0.9999685883522034,0.7324496507644653,0.9175788164138794,-0.18003951013088226,0.9963764548301697,0.26999321579933167,0.9042589068412781,-0.20984962582588196,0.9980723261833191
98,0.503406286239624,0.41796737909317017,-0.6107717156410217,0.9999677538871765,0.7323645949363708,0.9167153835296631,-0.17948192358016968,0.9962245225906372,0.27000126242637634,0.9034295082092285,-0.20066627860069275,0.9979376196861267
99,0.5035063624382019,0.41197094321250916,-0.5771120190620422,0.9999666213989258,0.7323309183120728,0.9156304001808167,-0.16410009562969208,0.9960810542106628,0.2706412672996521,0.9023652076721191,-0.19104380905628204,0.9977989196777344
100,0.5031528472900391,0.4084576964378357,-0.5600544214248657,0.9999648928642273,0.7322366237640381,0.9148586988449097,-0.1545858234167099,0.9959080219268799,0.27166396379470825,0.9011774063110352,-0.1801070123910904,0.9976489543914795
101,0.5022117495536804,0.406205415725708,-0.5429446697235107,0.9999638199806213,0.7322454452514648,0.9147318601608276,-0.12691260874271393,0.9958533644676208,0.27295276522636414,0.8999643921852112,-0.15241213142871857,0.9973869323730469
102,0.5009854435920715,0.4058959484100342,-0.5308863520622253,0.9999604225158691,0.7333041429519653,0.9148772954940796,-0.12589231133460999,0.9957548379898071,0.2748625874519348,0.8995358943939209,-0.13667768239974976,0.9971391558647156
103,0.49819251894950867,0.40702661871910095,-0.5324071645736694,0.999962329864502,0.7345449328422546,0.9151581525802612,-0.13020287454128265,0.9958372712135315,0.27692490816116333,0.8987458348274231,-0.12081266194581985,0.9969508051872253
104,0.49703651666641235,0.40756866335868835,-0.5098424553871155,0.9999608993530273,0.735045313835144,0.9159771203994751,-0.13247866928577423,0.9957170486450195,0.2773687243461609,0.8987357020378113,-0.10713149607181549,0.9966816902160645
105,0.49652326107025146,0.40704935789108276,-0.514647901058197,0.999962568283081,0.7350204586982727,0.9159548282623291,-0.1655174344778061,0.9958807229995728,0.2773611545562744,0.8987255692481995,-0.11406637728214264,0.99659264087677
106,0.49576669931411743,0.40700411796569824,-0.5170470476150513,0.9999648332595825,0.7348883152008057,0.9159185886383057,-0.16536648571491241,0.9960897564888,0.27738121151924133,0.8986383080482483,-0.11586163192987442,0.9965352416038513
107,0.494045227766037,0.4071792960166931,-0.5015028715133667,0.9999659657478333,0.7348900437355042,0.9158864617347717,-0.1651802808046341,0.9962260127067566,0.2774883806705475,0.8984141945838928,-0.10147834569215775,0.9964665770530701
108,0.49395135045051575,0.40747353434562683,-0.4967923164367676,0.999967634677887,0.7348914742469788,0.9158563613891602,-0.16909357905387878,0.9963926672935486,0.2774657905101776,0.898558497428894,-0.10613495111465454,0.9965237975120544
109,0.49389609694480896,0.4071720540523529,-0.5025727152824402,0.9999688863754272,0.7348425984382629,0.9154937863349915,-0.16877223551273346,0.9965657591819763,0.2774251103401184,0.898467481136322,-0.11096469312906265,0.9965417981147766
110,0.49392619729042053,0.4070649743080139,-0.5050123333930969,0.9999697804450989,0.7347012758255005,0.914859414100647,-0.17303253710269928,0.9966933131217957,0.2774518132209778,0.8980240821838379,-0.11112315207719803,0.9965133666992188
111,0.49405959248542786,0.40674731135368347,-0.5067504048347473,0.9999665021896362,0.7339370846748352,0.9135635495185852,-0.18261083960533142,0.9967649579048157,0.2775074243545532,0.8980112075805664,-0.11236197501420975,0.9964580535888672
112,0.49417638778686523,0.4068160951137543,-0.5095953941345215,0.9999633431434631,0.7330487370491028,0.9125193953514099,-0.19337646663188934,0.9968222975730896,0.2775072455406189,0.8977243304252625,-0.11281783133745193,0.9964640736579895
113,0.4943417012691498,0.4068670868873596,-0.5109618902206421,0.9999633431434631,0.73262619972229,0.9119464159011841,-0.19129987061023712,0.9969432950019836,0.27750715613365173,0.8977038860321045,-0.11314225196838379,0.9965301156044006
114,0.4943813681602478,0.4076076149940491,-0.5132485628128052,0.9999630451202393,0.7325940728187561,0.9119501113891602,-0.18586096167564392,0.9970054626464844,0.27731460332870483,0.8977527022361755,-0.11427103728055954,0.9965175986289978
115,0.4944396913051605,0.40926775336265564,-0.5153701305389404,0.9999625086784363,0.7325747013092041,0.9118363857269287,-0.18271292746067047,0.9970245361328125,0.2772177457809448,0.8976898193359375,-0.11508776992559433,0.9965376257896423
116,0.4944600462913513,0.4097572863101959,-0.5231462717056274,0.9999592900276184,0.732332170009613,0.9115177392959595,-0.18988338112831116,0.9969671964645386,0.2771056294441223,0.8976650834083557,-0.1150798350572586,0.9964917302131653
117,0.4944738447666168,0.4115278124809265,-0.5933189988136292,0.9999593496322632,0.7318179607391357,0.9109516739845276,-0.18934188783168793,0.9970511794090271,0.27687588334083557,0.8964192867279053,-0.11285040527582169,0.9964696168899536
118,0.4944900572299957,0.413704514503479,-0.5864635109901428,0.9999608397483826,0.7317414283752441,0.9107657670974731,-0.1887185126543045,0.9971266388893127,0.27679455280303955,0.8951451778411865,-0.08971986174583435,0.9963634014129639
119,0.49499380588531494,0.4145195484161377,-0.5784850120544434,0.9999593496322632,0.7317285537719727,0.9102020263671875,-0.18819072842597961,0.9971883893013,0.2768103778362274,0.8948996067047119,-0.08788233995437622,0.9963394403457642
120,0.49687862396240234,0.41454023122787476,-0.589991569519043,0.9999476075172424,0.7318236231803894,0.9099458456039429,-0.21435397863388062,0.9971292614936829,0.2768993377685547,0.8948107361793518,-0.09502976387739182,0.9963371753692627
121,0.49755001068115234,0.411263644695282,-0.583510160446167,0.9999460577964783,0.7319257259368896,0.9098330736160278,-0.21059972047805786,0.9971346259117126,0.27687782049179077,0.8947736024856567,-0.10181661695241928,0.9963613152503967
122,0.4975770115852356,0.40709084272384644,-0.5436041355133057,0.9999430775642395,0.732239305973053,0.9098014235496521,-0.1858382523059845,0.9969363808631897,0.2767292857170105,0.8947795629501343,-0.10291119664907455,0.9963237643241882
123,0.49720990657806396,0.40719345211982727,-0.5201403498649597,0.9999443888664246,0.7324665784835815,0.9098429083824158,-0.1547287404537201,0.9968231320381165,0.275892436504364,0.8947506546974182,-0.10385733842849731,0.9963716864585876
124,0.49508944153785706,0.4088655710220337,-0.5147360563278198,0.9999448657035828,0.7326413989067078,0.9098155498504639,-0.13871891796588898,0.9967189431190491,0.2758760154247284,0.8944334983825684,-0.10424371808767319,0.9964215159416199
125,0.4941003918647766,0.4089199900627136,-0.5190193057060242,0.9999462962150574,0.7329190969467163,0.9098875522613525,-0.13985468447208405,0.9966495633125305,0.27588650584220886,0.8942808508872986,-0.12418193370103836,0.9964202642440796
126,0.4941766858100891,0.4098584055900574,-0.5186606645584106,0.9999467730522156,0.7338284254074097,0.9098746180534363,-0.105900339782238,0.9966384172439575,0.2758793234825134,0.894349992275238,-0.12362954765558243,0.9962571263313293
127,0.4982239902019501,0.41127246618270874,-0.5399404168128967,0.9999472498893738,0.7346087098121643,0.9100844264030457,-0.11569403856992722,0.9965291023254395,0.2762438654899597,0.8943373560905457,-0.1536663919687271,0.9961959719657898
128,0.5005582571029663,0.4127673804759979,-0.5767274498939514,0.9999487996101379,0.7347312569618225,0.9107704162597656,-0.11965710669755936,0.9963706731796265,0.2760659158229828,0.8943300843238831,-0.18729530274868011,0.996161699295044
129,0.5019334554672241,0.4161560833454132,-0.5949590802192688,0.9999505281448364,0.7347930073738098,0.9112423658370972,-0.12342265248298645,0.9961962103843689,0.27605926990509033,0.8939036726951599,-0.19454380869865417,0.9962139129638672
130,0.5019446015357971,0.42102575302124023,-0.6084493398666382,0.9999513030052185,0.7351024150848389,0.9120396971702576,-0.12499812245368958,0.9959505796432495,0.2760380208492279,0.8936337828636169,-0.19857607781887054,0.9962305426597595
131,0.5025210380554199,0.429275780916214,-0.6195435523986816,0.9999517202377319,0.7356295585632324,0.9128144383430481,-0.1457405835390091,0.9956050515174866,0.2758762538433075,0.8939231038093567,-0.21451620757579803,0.9962172508239746
132,0.5030840039253235,0.43521648645401,-0.6362674236297607,0.9999531507492065,0.7358049154281616,0.9133573174476624,-0.17060209810733795,0.9954562783241272,0.27585217356681824,0.8939407467842102,-0.2213258445262909,0.9962931871414185
133,0.5047105550765991,0.440157026052475,-0.6699249744415283,0.999955415725708,0.7358095049858093,0.9133636355400085,-0.18788069486618042,0.9954601526260376,0.27586108446121216,0.8937753438949585,-0.24078261852264404,0.996434211730957
134,0.5048935413360596,0.44421374797821045,-0.6576169729232788,0.9999577403068542,0.7351968288421631,0.9130880832672119,-0.1841408610343933,0.9954690337181091,0.27577781677246094,0.8935462832450867,-0.23337094485759735,0.9965664744377136
135,0.5049170851707458,0.4471781849861145,-0.6819802522659302,0.9999598860740662,0.7347570657730103,0.913006603717804,-0.1943238228559494,0.9954388737678528,0.27552786469459534,0.8934710025787354,-0.23744705319404602,0.9967136383056641
136,0.5049726366996765,0.45434442162513733,-0.709800660610199,0.999962329864502,0.7345905303955078,0.9129966497421265,-0.1964140683412552,0.9955176711082458,0.2752964496612549,0.8932592868804932,-0.2425917387008667,0.9968870878219604
137,0.50494784116745,0.45920100808143616,-0.6897104978561401,0.9999645352363586,0.7345858812332153,0.913110613822937,-0.19616757333278656,0.9955614805221558,0.2751023769378662,0.8931230902671814,-0.2364106923341751,0.9970342516899109
138,0.5048476457595825,0.4638688266277313,-0.6816284656524658,0.9999663829803467,0.7346125245094299,0.9134218692779541,-0.18495352566242218,0.9955800175666809,0.2750419080257416,0.8930341005325317,-0.23322990536689758,0.9971640706062317
139,0.5042588710784912,0.47312918305397034,-0.6775559782981873,0.9999678730964661,0.7346165776252747,0.9134320616722107,-0.18379060924053192,0.9955793023109436,0.2750278115272522,0.892674446105957,-0.2306690514087677,0.9972872138023376
140,0.5040296316146851,0.48176807165145874,-0.7198683619499207,0.9999679327011108,0.7346168756484985,0.9133860468864441,-0.1845993995666504,0.9955688714981079,0.2751663625240326,0.8919545412063599,-0.24130050837993622,0.997372567653656
141,0.5039767026901245,0.4927142560482025,-0.7463291883468628,0.9999688863754272,0.7344610691070557,0.9133704900741577,-0.1916833519935608,0.9956396222114563,0.2751588821411133,0.8919416666030884,-0.2512708604335785,0.9974953532218933
142,0.5039582252502441,0.5085626244544983,-0.7840127944946289,0.9999693036079407,0.7331385612487793,0.9132949113845825,-0.2012670785188675,0.9957025647163391,0.27527934312820435,0.891850471496582,-0.24771496653556824,0.9975671768188477
143,0.503944456577301,0.5249555706977844,-0.8197067379951477,0.9999691843986511,0.7313104271888733,0.9133287072181702,-0.21710754930973053,0.9957598447799683,0.2753731608390808,0.8915658593177795,-0.2676854133605957,0.9976238012313843
144,0.5039880275726318,0.534145712852478,-0.8075549006462097,0.9999692440032959,0.7305382490158081,0.9134425520896912,-0.23717419803142548,0.9958763718605042,0.2755047678947449,0.8914996385574341,-0.2893320322036743,0.9977008104324341
145,0.5040230751037598,0.5401171445846558,-0.8392641544342041,0.9999691247940063,0.7298975586891174,0.9134020209312439,-0.2534691095352173,0.9960020184516907,0.27558380365371704,0.8913592100143433,-0.2975616455078125,0.9977415204048157
146,0.5040318965911865,0.5431525111198425,-0.8333283066749573,0.9999690651893616,0.7295869588851929,0.9134766459465027,-0.24463628232479095,0.9961166381835938,0.2754286825656891,0.8913264870643616,-0.2908850312232971,0.9977933764457703
147,0.5040320158004761,0.5459096431732178,-0.8134673833847046,0.9999692440032959,0.7295026183128357,0.9135192036628723,-0.24203285574913025,0.9961974024772644,0.2756567895412445,0.8911027908325195,-0.2861229181289673,0.9978358745574951
148,0.5037869811058044,0.5480706691741943,-0.8137301802635193,0.9999693632125854,0.7294204235076904,0.9134386777877808,-0.2548225224018097,0.9962902069091797,0.2765447199344635,0.8901573419570923,-0.2957476079463959,0.9979004859924316
149,0.5025951266288757,0.5524715185165405,-0.8177657723426819,0.9999693632125854,0.7293857336044312,0.9131357073783875,-0.26556894183158875,0.9963908791542053,0.27879247069358826,0.8890572190284729,-0.2958928942680359,0.9979819059371948
150,0.49952465295791626,0.5551855564117432,-0.8116900324821472,0.9999694228172302,0.7293784618377686,0.9131222367286682,-0.25983014702796936,0.996512770652771,0.2803463339805603,0.8881542682647705,-0.2802095115184784,0.9980407357215881
151,0.4975935220718384,0.5604010820388794,-0.8081298470497131,0.9999690055847168,0.729864776134491,0.9130992293357849,-0.2558054029941559,0.996650755405426,0.2812883257865906,0.8881771564483643,-0.26870712637901306,0.9981110692024231
152,0.4956487715244293,0.5664615631103516,-0.8498403429985046,0.9999680519104004,0.7306673526763916,0.9131360650062561,-0.2710479497909546,0.9968048334121704,0.2820394039154053,0.8882805705070496,-0.2790730595588684,0.9981858134269714
153,0.49332180619239807,0.5703319311141968,-0.8387752771377563,0.9999676942825317,0.7306671142578125,0.913225531578064,-0.26660245656967163,0.9969300031661987,0.2827175557613373,0.8882765769958496,-0.2679038643836975,0.9982484579086304
154,0.4917278587818146,0.5736885666847229,-0.8250123858451843,0.9999667406082153,0.7303812503814697,0.9133421182632446,-0.26565471291542053,0.99700927734375,0.28300806879997253,0.8884624242782593,-0.25897735357284546,0.9983036518096924
155,0.4913483262062073,0.5799301862716675,-0.8222131729125977,0.9999659657478333,0.7304278016090393,0.9136718511581421,-0.26259756088256836,0.9970651865005493,0.28304675221443176,0.8894948363304138,-0.25282394886016846,0.9983460903167725
156,0.4906706213951111,0.5838918685913086,-0.8364676237106323,0.999964714050293,0.730458676815033,0.9140450954437256,-0.2614631950855255,0.9970816373825073,0.2838190197944641,0.8918525576591492,-0.2535604238510132,0.9983747005462646
157,0.4879736006259918,0.5855355262756348,-0.7842702269554138,0.9999635219573975,0.7306470274925232,0.9174846410751343,-0.25309744477272034,0.997003972530365,0.2843509316444397,0.8964879512786865,-0.24570518732070923,0.9983914494514465
158,0.48686087131500244,0.5901191830635071,-0.9110615253448486,0.9999576807022095,0.730585515499115,0.9215407371520996,-0.27066054940223694,0.9969159960746765,0.28388839960098267,0.9027071595191956,-0.30060023069381714,0.998380720615387
159,0.4862658381462097,0.5959900617599487,-0.9209354519844055,0.9999529719352722,0.7281127572059631,0.9241889119148254,-0.26846688985824585,0.9967175722122192,0.28324195742607117,0.9069254398345947,-0.30441927909851074,0.9983862638473511
160,0.4854702353477478,0.5976717472076416,-0.920228898525238,0.9999479651451111,0.7281237840652466,0.9257513880729675,-0.2667778432369232,0.996591329574585,0.2829129099845886,0.9119441509246826,-0.304587721824646,0.9983699917793274
161,0.4850112497806549,0.5972480773925781,-0.9046611785888672,0.9999470114707947,0.7248084545135498,0.9258929491043091,-0.25840049982070923,0.9964341521263123,0.2831118106842041,0.9130902886390686,-0.2944370210170746,0.9983475208282471
162,0.48515787720680237,0.597199022769928,-0.9134498834609985,0.9999350905418396,0.7240421772003174,0.9258620142936707,-0.26868751645088196,0.9958980083465576,0.283307284116745,0.91304612159729,-0.29642677307128906,0.9982107281684875
163,0.4855768382549286,0.5971136093139648,-0.9025099873542786,0.9999344944953918,0.7241232395172119,0.9245368242263794,-0.2692602574825287,0.9958668947219849,0.28484731912612915,0.9117796421051025,-0.2818158268928528,0.9981910586357117
164,0.48678871989250183,0.5978175401687622,-0.8977972269058228,0.999930202960968,0.7241726517677307,0.9241583943367004,-0.2684197425842285,0.9956779479980469,0.2866419851779938,0.9104880690574646,-0.27559369802474976,0.9981153011322021
165,0.488029807806015,0.5981725454330444,-0.9219798445701599,0.9999251365661621,0.724205493927002,0.9241578578948975,-0.2918238043785095,0.9955595135688782,0.28770795464515686,0.9098265171051025,-0.2883111834526062,0.9981321692466736
166,0.49001017212867737,0.5982874631881714,-0.9575201869010925,0.9999244213104248,0.7242534756660461,0.9239858984947205,-0.3078249990940094,0.9954172372817993,0.287697970867157,0.9092596173286438,-0.2931821048259735,0.9981240630149841
167,0.4905383586883545,0.5981287360191345,-0.9425850510597229,0.999925971031189,0.7244242429733276,0.9251605272293091,-0.3029850125312805,0.9953613877296448,0.28674596548080444,0.9111146926879883,-0.29322320222854614,0.9981681108474731
168,0.49076294898986816,0.5986748337745667,-0.9403555989265442,0.9999266862869263,0.7244648337364197,0.9263120889663696,-0.3022540509700775,0.9953324198722839,0.2866762578487396,0.9132471680641174,-0.2959451675415039,0.9981735348701477
169,0.4907688796520233,0.5987118482589722,-0.9036417007446289,0.9999274611473083,0.7247587442398071,0.9275000691413879,-0.29950839281082153,0.9954153895378113,0.2867918908596039,0.9143349528312683,-0.2961260676383972,0.9982089400291443
170,0.4907768964767456,0.5986915230751038,-0.9048783183097839,0.9999278783798218,0.7252089381217957,0.9279566407203674,-0.2992590665817261,0.9954206347465515,0.28710663318634033,0.9152056574821472,-0.30143651366233826,0.9982372522354126
171,0.4907970726490021,0.5988680720329285,-0.8840890526771545,0.9999287128448486,0.7255887985229492,0.9286706447601318,-0.29132890701293945,0.9954851865768433,0.287150502204895,0.9153581261634827,-0.301055908203125,0.998273491859436
172,0.49081504344940186,0.5990065336227417,-0.8924176692962646,0.9999301433563232,0.7268210649490356,0.9296444654464722,-0.28951212763786316,0.9956357479095459,0.28718066215515137,0.9156376123428345,-0.3053589463233948,0.9983172416687012
173,0.49082133173942566,0.5991587042808533,-0.9057675004005432,0.999930202960968,0.7280999422073364,0.9308031797409058,-0.2858297824859619,0.9957478642463684,0.28719156980514526,0.9156690239906311,-0.3088563084602356,0.9983536601066589
174,0.49083709716796875,0.599300742149353,-0.9051446914672852,0.9999327063560486,0.7298259139060974,0.9320831894874573,-0.2821601629257202,0.9958699941635132,0.2867070436477661,0.9160612225532532,-0.3086877465248108,0.998414933681488
175,0.4908711314201355,0.5992749333381653,-0.8382503986358643,0.9999358654022217,0.7307259440422058,0.9328466057777405,-0.25903499126434326,0.9959633350372314,0.2866103947162628,0.9170136451721191,-0.2876047194004059,0.9984552264213562
176,0.491119384765625,0.59925776720047,-0.8015096783638,0.9999370574951172,0.7299368381500244,0.9334885478019714,-0.2550237476825714,0.9960018396377563,0.28640949726104736,0.9171245098114014,-0.2807938754558563,0.9984878897666931
177,0.4911481440067291,0.5992492437362671,-0.7968472242355347,0.9999373555183411,0.7270435094833374,0.9335424900054932,-0.24953113496303558,0.996083676815033,0.28640541434288025,0.9170942306518555,-0.2596084475517273,0.9985009431838989
178,0.49117764830589294,0.599152684211731,-0.7584188580513,0.9999402165412903,0.7256933450698853,0.9335827231407166,-0.23101003468036652,0.9961673021316528,0.2866215109825134,0.9170855283737183,-0.23502372205257416,0.9985287189483643
179,0.49139562249183655,0.5991440415382385,-0.7858607769012451,0.9999400973320007,0.7248629927635193,0.9336909651756287,-0.23391161859035492,0.9960812926292419,0.28667715191841125,0.9173523187637329,-0.24192999303340912,0.9985448122024536
180,0.49147993326187134,0.5992208123207092,-0.8125479817390442,0.9999380111694336,0.7248923778533936,0.9342477321624756,-0.2438778579235077,0.9959626793861389,0.2866787612438202,0.9173592329025269,-0.272593230009079,0.9985464215278625
181,0.4915071129798889,0.5993417501449585,-0.820777416229248,0.9999383091926575,0.7249173521995544,0.9346997737884521,-0.2529567778110504,0.9959405660629272,0.286674439907074,0.917358934879303,-0.28700894117355347,0.9985679984092712
182,0.49162557721138,0.5995970368385315,-0.8382307291030884,0.9999396800994873,0.7250478267669678,0.9353730082511902,-0.25742319226264954,0.9960342049598694,0.28659528493881226,0.9178978204727173,-0.29414239525794983,0.9986076951026917
183,0.4916982054710388,0.5998942852020264,-0.7841197848320007,0.9999415278434753,0.7250710725784302,0.9362180829048157,-0.2575354278087616,0.9961836338043213,0.2867391109466553,0.9182797074317932,-0.2826084792613983,0.9986479878425598
184,0.4917313754558563,0.6002501845359802,-0.7806992530822754,0.9999420642852783,0.7252189517021179,0.9376733303070068,-0.2575623691082001,0.9962853789329529,0.2868920862674713,0.918592095375061,-0.281278520822525,0.9986778497695923
185,0.49183180928230286,0.6009493470191956,-0.7401764988899231,0.99994295835495,0.7252416610717773,0.9394809007644653,-0.2535719871520996,0.9963727593421936,0.2868419885635376,0.9192444682121277,-0.27724024653434753,0.9987068772315979
186,0.49197110533714294,0.6011959910392761,-0.76011061668396,0.9999434351921082,0.7252606749534607,0.9399088621139526,-0.25366389751434326,0.996447741985321,0.2868098020553589,0.9194707274436951,-0.27301374077796936,0.99871826171875
187,0.492155522108078,0.6013326644897461,-0.7874882221221924,0.9999440908432007,0.7252824306488037,0.9400630593299866,-0.2539496421813965,0.996507465839386,0.286862850189209,0.9194813370704651,-0.2727833688259125,0.9987291097640991
188,0.49246951937675476,0.6014017462730408,-0.7944908738136292,0.9999424815177917,0.7251070737838745,0.9400767087936401,-0.25400352478027344,0.9964612126350403,0.2869502305984497,0.9190874099731445,-0.2714631259441376,0.9987217783927917
189,0.4925351142883301,0.6015157699584961,-0.7888177633285522,0.9999439120292664,0.7251625657081604,0.9401699304580688,-0.2541021704673767,0.9965309500694275,0.2867659330368042,0.9190597534179688,-0.27221283316612244,0.9987512230873108
190,0.49276936054229736,0.6016212105751038,-0.8789101243019104,0.9999439120292664,0.7252519726753235,0.9399427771568298,-0.2595604658126831,0.9966207146644592,0.28608188033103943,0.919063150882721,-0.28738337755203247,0.9987545609474182
191,0.4928942620754242,0.6017675399780273,-0.9139668345451355,0.999940812587738,0.7254100441932678,0.9400184750556946,-0.2594453692436218,0.9965879917144775,0.28542008996009827,0.9190714359283447,-0.29741913080215454,0.9987462759017944
192,0.49306443333625793,0.602392852306366,-0.9000886082649231,0.9999396204948425,0.7254710793495178,0.9410688877105713,-0.25749701261520386,0.9965792298316956,0.28530752658843994,0.9190894365310669,-0.302904337644577,0.9987379908561707
193,0.49315887689590454,0.6029462814331055,-0.8926813006401062,0.9999382495880127,0.7254898548126221,0.9414763450622559,-0.2546815276145935,0.9964714646339417,0.2853049337863922,0.9190979599952698,-0.30183708667755127,0.9987193942070007
194,0.49340516328811646,0.6037234663963318,-0.8874457478523254,0.9999369382858276,0.7255033850669861,0.9421037435531616,-0.25469687581062317,0.9963616132736206,0.2851373851299286,0.919319748878479,-0.3043676018714905,0.9987130761146545
195,0.49351710081100464,0.6046594381332397,-0.9015839695930481,0.9999315738677979,0.7250041961669922,0.9420740008354187,-0.2590329945087433,0.9960968494415283,0.28517329692840576,0.9192613363265991,-0.3067387640476227,0.9986802339553833
196,0.4938439726829529,0.6050691604614258,-0.9070959091186523,0.9999282360076904,0.7247182726860046,0.9420541524887085,-0.2599956691265106,0.9958591461181641,0.28512993454933167,0.9192649722099304,-0.3080167770385742,0.9986633062362671
197,0.4940536618232727,0.6053797602653503,-0.9018537402153015,0.9999274611473083,0.7245272994041443,0.9421007037162781,-0.26001620292663574,0.9956938624382019,0.2851148247718811,0.9191114902496338,-0.3077879548072815,0.9986608624458313
198,0.4944263696670532,0.6054840683937073,-0.903782844543457,0.9999275803565979,0.7244690656661987,0.9422452449798584,-0.2582939565181732,0.9956173300743103,0.28480109572410583,0.919120192527771,-0.3141304552555084,0.998661458492279
199,0.49445903301239014,0.6056345105171204,-0.9009990692138672,0.9999284148216248,0.7244850397109985,0.9425168633460999,-0.2579086422920227,0.995620846748352,0.28450214862823486,0.9191195964813232,-0.3140263855457306,0.9986728429794312
200,0.49449479579925537,0.6059131622314453,-0.8403887152671814,0.9999317526817322,0.7246098518371582,0.9430183172225952,-0.25947603583335876,0.9957976937294006,0.28438860177993774,0.9190394878387451,-0.3098911643028259,0.9987171292304993
201,0.4944940209388733,0.6062998175621033,-0.8428061604499817,0.999934196472168,0.7247515916824341,0.9431992173194885,-0.2595043182373047,0.995963454246521,0.28425899147987366,0.9190316796302795,-0.30824556946754456,0.9987555742263794
202,0.4945153594017029,0.6069080829620361,-0.8536673188209534,0.9999358057975769,0.7247911095619202,0.9432647824287415,-0.26501455903053284,0.9961141347885132,0.2840687930583954,0.9190051555633545,-0.30937525629997253,0.9987863898277283
203,0.4945353865623474,0.6076196432113647,-0.8494828343391418,0.9999375343322754,0.7248117327690125,0.9436690211296082,-0.26307475566864014,0.9962171316146851,0.2839963138103485,0.9187824726104736,-0.30062738060951233,0.99881511926651
