frame,NOSE_x,NOSE_y,NOSE_z,NOSE_v,LEFT_SHOULDER_x,LEFT_SHOULDER_y,LEFT_SHOULDER_z,LEFT_SHOULDER_v,RIGHT_SHOULDER_x,RIGHT_SHOULDER_y,RIGHT_SHOULDER_z,RIGHT_SHOULDER_v,LEFT_ELBOW_x,LEFT_ELBOW_y,LEFT_ELBOW_z,LEFT_ELBOW_v,RIGHT_ELBOW_x,RIGHT_ELBOW_y,RIGHT_ELBOW_z,RIGHT_ELBOW_v,LEFT_WRIST_x,LEFT_WRIST_y,LEFT_WRIST_z,LEFT_WRIST_v,RIGHT_WRIST_x,RIGHT_WRIST_y,RIGHT_WRIST_z,RIGHT_WRIST_v,LEFT_HIP_x,LEFT_HIP_y,LEFT_HIP_z,LEFT_HIP_v,RIGHT_HIP_x,RIGHT_HIP_y,RIGHT_HIP_z,RIGHT_HIP_v
0,0.5041036009788513,0.5361884832382202,-0.6658561825752258,0.9999381303787231,0.7404706478118896,0.9129024147987366,-0.22319042682647705,0.9993745684623718,0.2758808135986328,0.9031649827957153,-0.2712019681930542,0.9996765851974487,0.832628071308136,1.331210732460022,-0.10727749019861221,0.22376322746276855,0.19664986431598663,1.3139090538024902,-0.02761150524020195,0.1689993441104889,0.8132555484771729,1.678865671157837,-0.1940697580575943,0.020510409027338028,0.22009308636188507,1.680355191230774,-0.10168912261724472,0.035949964076280594,0.6387887001037598,1.7515811920166016,-0.037105534225702286,0.0005791787407360971,0.34249046444892883,1.743622899055481,0.04165414720773697,0.0006504320772364736
1,0.5032720565795898,0.540058970451355,-0.8292872905731201,0.999942421913147,0.7414524555206299,0.9138595461845398,-0.25149455666542053,0.9993576407432556,0.27583056688308716,0.904118001461029,-0.32379963994026184,0.9996565580368042,0.8369530439376831,1.3306596279144287,-0.14375443756580353,0.21029938757419586,0.1876727044582367,1.3214365243911743,-0.22034572064876556,0.1687496304512024,0.8172106146812439,1.6870197057724,-0.2978594899177551,0.02062395215034485,0.20636026561260223,1.6808491945266724,-0.5665205121040344,0.0375518761575222,0.6497633457183838,1.7516463994979858,-0.03935335949063301,0.0005481375264935195,0.3452087342739105,1.74515700340271,0.044319648295640945,0.0006114512798376381
2,0.502219557762146,0.5424633622169495,-0.869076132774353,0.9999459981918335,0.7423881888389587,0.9142899513244629,-0.2759840488433838,0.9993425607681274,0.2757394313812256,0.904576301574707,-0.33765432238578796,0.9996349811553955,0.8390804529190063,1.3305331468582153,-0.170209601521492,0.19826149940490723,0.18107114732265472,1.3234729766845703,-0.21896839141845703,0.1679939329624176,0.8171793222427368,1.6908568143844604,-0.3417360484600067,0.020527532324194908,0.2010565847158432,1.6806154251098633,-0.5430445075035095,0.03830701857805252,0.6533934473991394,1.751674771308899,-0.04173634201288223,0.0005238844896666706,0.3459671437740326,1.7456495761871338,0.04704535752534866,0.0005807426059618592
3,0.501612663269043,0.5442782640457153,-0.9242281913757324,0.9999493360519409,0.7430455088615417,0.9145215153694153,-0.2957194745540619,0.9993314743041992,0.2756039500236511,0.9051655530929565,-0.35246002674102783,0.9996093511581421,0.8397443890571594,1.3306498527526855,-0.18750080466270447,0.18715950846672058,0.17687489092350006,1.3260018825531006,-0.229270800948143,0.16617853939533234,0.8168993592262268,1.694622278213501,-0.38486793637275696,0.02080811746418476,0.19760200381278992,1.6806508302688599,-0.5791598558425903,0.03898073732852936,0.6548547148704529,1.7520993947982788,-0.04493530094623566,0.0005010624299757183,0.3462527096271515,1.7464771270751953,0.050561122596263885,0.0005513342330232263
4,0.5011555552482605,0.5455697774887085,-0.9281869530677795,0.9999521374702454,0.7437930703163147,0.9147871136665344,-0.30584248900413513,0.9993081092834473,0.2752814292907715,0.9057579040527344,-0.3556957244873047,0.9995812773704529,0.8397852182388306,1.3312073945999146,-0.19036045670509338,0.1762351542711258,0.17383287847042084,1.3275105953216553,-0.2150273621082306,0.16382811963558197,0.8143373727798462,1.6976094245910645,-0.37834784388542175,0.020843952894210815,0.19608736038208008,1.6807035207748413,-0.5419259667396545,0.03930015489459038,0.6553849577903748,1.7523795366287231,-0.047115616500377655,0.00047760302550159395,0.3462936580181122,1.7468944787979126,0.052905045449733734,0.0005223471089266241
5,0.5007977485656738,0.5483296513557434,-0.9117839336395264,0.9999539852142334,0.7439852952957153,0.9151540398597717,-0.2948942482471466,0.9992577433586121,0.27485281229019165,0.9060584902763367,-0.3565940856933594,0.9995543956756592,0.8328146934509277,1.3317251205444336,-0.18295708298683167,0.16424377262592316,0.17320525646209717,1.329896092414856,-0.22886419296264648,0.16237089037895203,0.807460606098175,1.697397232055664,-0.34529292583465576,0.019939672201871872,0.19524213671684265,1.6807631254196167,-0.5638923048973083,0.03883766010403633,0.6551539301872253,1.750794529914856,-0.047004733234643936,0.0004530177393462509,0.34607020020484924,1.7456414699554443,0.05275232344865799,0.0004932605661451817
6,0.5004814267158508,0.5502347946166992,-0.9091728329658508,0.9999555349349976,0.744115948677063,0.9153883457183838,-0.289436012506485,0.999210774898529,0.2744329273700714,0.9062576293945312,-0.35788795351982117,0.9995306730270386,0.8285358548164368,1.3321069478988647,-0.18013502657413483,0.15342725813388824,0.1728714555501938,1.3314980268478394,-0.2296227365732193,0.16116264462471008,0.8032246232032776,1.6972044706344604,-0.33201512694358826,0.019096173346042633,0.19499073922634125,1.6808322668075562,-0.5585408806800842,0.038415469229221344,0.6550583243370056,1.7496380805969238,-0.046943869441747665,0.0004311864613555372,0.3457928001880646,1.7446420192718506,0.052650079131126404,0.0004674081865232438
7,0.5004041194915771,0.5511824488639832,-0.8831989765167236,0.999957799911499,0.7443671226501465,0.9165255427360535,-0.286079078912735,0.9991763830184937,0.27380403876304626,0.9070442318916321,-0.3563288450241089,0.9995173215866089,0.8287139534950256,1.3329864740371704,-0.17948700487613678,0.14397186040878296,0.17136235535144806,1.3319255113601685,-0.22599612176418304,0.15889234840869904,0.8028872013092041,1.69778573513031,-0.3303740918636322,0.01846275106072426,0.1947636604309082,1.680586576461792,-0.5353051424026489,0.03824036940932274,0.6548908948898315,1.7500008344650269,-0.04639426991343498,0.0004113642789889127,0.34525033831596375,1.745148777961731,0.052152421325445175,0.00044438798795454204
8,0.5003861784934998,0.552193820476532,-0.8795241713523865,0.9999600052833557,0.744537353515625,0.9171074032783508,-0.2851388454437256,0.9991527199745178,0.27343475818634033,0.9074394106864929,-0.35510018467903137,0.9995078444480896,0.8287957310676575,1.3335696458816528,-0.17107459902763367,0.1353781819343567,0.170561745762825,1.3330711126327515,-0.22813758254051208,0.15783527493476868,0.8027893900871277,1.698104739189148,-0.3272896111011505,0.017856594175100327,0.1942538172006607,1.6806257963180542,-0.5510935187339783,0.03810741379857063,0.6547306776046753,1.7500123977661133,-0.04595803841948509,0.00039216154254972935,0.344944566488266,1.7451560497283936,0.051770251244306564,0.0004217909590806812
9,0.5003600716590881,0.5528959631919861,-0.8733154535293579,0.9999611973762512,0.7445879578590393,0.9172128438949585,-0.28348320722579956,0.9991109371185303,0.2733270227909088,0.9074558615684509,-0.35242459177970886,0.9994916319847107,0.8271305561065674,1.333808183670044,-0.1680111140012741,0.12729215621948242,0.17051322758197784,1.3330382108688354,-0.23323580622673035,0.15730437636375427,0.7997146844863892,1.6980547904968262,-0.32990139722824097,0.01721951551735401,0.1938115507364273,1.6804910898208618,-0.5761926174163818,0.03806080296635628,0.6543171405792236,1.7488254308700562,-0.04490521177649498,0.000373868242604658,0.34464821219444275,1.743690848350525,0.05073798447847366,0.0004003987996838987
10,0.5003541111946106,0.553146481513977,-0.8903663158416748,0.9999619722366333,0.7445781230926514,0.9172310829162598,-0.2825731337070465,0.9990639686584473,0.27330318093299866,0.9074128866195679,-0.35466015338897705,0.9994721412658691,0.8246803283691406,1.3338991403579712,-0.17050084471702576,0.11989926546812057,0.17062102258205414,1.3334213495254517,-0.24440018832683563,0.15845057368278503,0.7980270981788635,1.6980161666870117,-0.3518539369106293,0.016684452071785927,0.19360828399658203,1.6807589530944824,-0.600287139415741,0.03845445439219475,0.6540868282318115,1.7476332187652588,-0.044720932841300964,0.00035862511140294373,0.34461668133735657,1.7426190376281738,0.05056554451584816,0.0003822535800281912
11,0.5006253123283386,0.552730143070221,-0.8828529119491577,0.9999627470970154,0.7445019483566284,0.9172443151473999,-0.2819351851940155,0.9990140795707703,0.2732911705970764,0.9071988463401794,-0.3547278940677643,0.9994551539421082,0.8230651617050171,1.3340517282485962,-0.18064893782138824,0.11321233958005905,0.17041335999965668,1.333470344543457,-0.25534987449645996,0.15875625610351562,0.7961071133613586,1.697959542274475,-0.3676292896270752,0.016192426905035973,0.19327007234096527,1.6807774305343628,-0.6043303608894348,0.038783662021160126,0.6538605093955994,1.7468032836914062,-0.043793968856334686,0.0003453956451267004,0.3445757031440735,1.741737723350525,0.04962059482932091,0.0003667243872769177
12,0.5037879347801208,0.5506515502929688,-0.954062819480896,0.9999632239341736,0.7443979978561401,0.9172831773757935,-0.28543320298194885,0.998990535736084,0.27307450771331787,0.9074279069900513,-0.3854654133319855,0.9994269013404846,0.8211835622787476,1.3343744277954102,-0.18296891450881958,0.10751763731241226,0.17045271396636963,1.334856629371643,-0.26835715770721436,0.1600763499736786,0.7936722636222839,1.6980438232421875,-0.4171929955482483,0.015757225453853607,0.19348563253879547,1.6815730333328247,-0.6244212985038757,0.03858805075287819,0.6537289619445801,1.747917890548706,-0.042066868394613266,0.00033526073093526065,0.34458595514297485,1.7433792352676392,0.04793805629014969,0.00035312504041939974
13,0.5070732235908508,0.5480812788009644,-1.0212632417678833,0.9999639987945557,0.7442675828933716,0.9176931381225586,-0.2977398931980133,0.9989801049232483,0.2719745934009552,0.9089062809944153,-0.41800424456596375,0.9993938207626343,0.8205364346504211,1.3369404077529907,-0.19939666986465454,0.1025644913315773,0.1705232560634613,1.340761661529541,-0.3154580295085907,0.15985547006130219,0.791071891784668,1.6989281177520752,-0.4777236878871918,0.015544496476650238,0.19460906088352203,1.6854439973831177,-0.730231761932373,0.03829824924468994,0.6536759734153748,1.7519612312316895,-0.0405399352312088,0.00032752827974036336,0.3446141183376312,1.7482556104660034,0.04652926325798035,0.00034125044476240873
14,0.512832522392273,0.5476287603378296,-1.1330987215042114,0.999964714050293,0.7442666888237,0.9180426001548767,-0.3203616738319397,0.9989869594573975,0.27148711681365967,0.911014974117279,-0.46802225708961487,0.9993631839752197,0.8193072080612183,1.3383208513259888,-0.23885472118854523,0.09860580414533615,0.1720147430896759,1.350593090057373,-0.3802061676979065,0.16259172558784485,0.7899800539016724,1.6989079713821411,-0.6005769968032837,0.015482593327760696,0.19735702872276306,1.6883742809295654,-0.8571882843971252,0.03793688490986824,0.6541757583618164,1.756146788597107,-0.03998949006199837,0.0003326837904751301,0.3454214036464691,1.7531441450119019,0.04604673013091087,0.00034008946386165917
15,0.527881383895874,0.547621488571167,-1.1625314950942993,0.9999639391899109,0.7440195083618164,0.9180976152420044,-0.32253536581993103,0.9989801645278931,0.27128922939300537,0.9140555262565613,-0.49433544278144836,0.9993153214454651,0.8192519545555115,1.3366591930389404,-0.24289081990718842,0.0963192954659462,0.17410361766815186,1.3635263442993164,-0.3942325711250305,0.1705733686685562,0.7901965379714966,1.697810173034668,-0.6318162679672241,0.015807947143912315,0.2014426738023758,1.6938087940216064,-0.8403707146644592,0.03833969682455063,0.6555274128913879,1.7596435546875,-0.03948114439845085,0.0003540546167641878,0.3481897711753845,1.7605751752853394,0.045531269162893295,0.00035238495911471546
16,0.5407625436782837,0.547902524471283,-1.195685625076294,0.9999629855155945,0.7440962791442871,0.9204916954040527,-0.33144888281822205,0.9989669322967529,0.2710275948047638,0.9187105894088745,-0.5345701575279236,0.9992781281471252,0.8201352953910828,1.3380178213119507,-0.2333558052778244,0.09500345587730408,0.17411677539348602,1.3773401975631714,-0.39560553431510925,0.18124940991401672,0.7931766510009766,1.7011762857437134,-0.5596968531608582,0.01602141186594963,0.2035508155822754,1.7104623317718506,-0.7893409132957458,0.03866339847445488,0.6565526127815247,1.770495057106018,-0.035984210669994354,0.0003718116495292634,0.3485510051250458,1.772384524345398,0.042052023112773895,0.00036176913999952376
17,0.5581691861152649,0.5475059151649475,-1.155202865600586,0.999961793422699,0.7447783350944519,0.9245507717132568,-0.33222469687461853,0.9989600777626038,0.27074384689331055,0.9241857528686523,-0.5498532652854919,0.9992364645004272,0.8232808113098145,1.3398923873901367,-0.19089998304843903,0.09493693709373474,0.17413049936294556,1.3874330520629883,-0.37858569622039795,0.18560785055160522,0.7964237332344055,1.7087154388427734,-0.4965204894542694,0.016400743275880814,0.2057391107082367,1.7250666618347168,-0.7873803377151489,0.03916476294398308,0.6573808789253235,1.7780214548110962,-0.0316682904958725,0.00037160873762331903,0.3486638069152832,1.780701756477356,0.03759070113301277,0.00035572549677453935
18,0.582470715045929,0.5475949048995972,-1.1181813478469849,0.9999580979347229,0.7452553510665894,0.9264002442359924,-0.3117777705192566,0.9989526867866516,0.2707684338092804,0.9258527159690857,-0.5538462400436401,0.9992058873176575,0.8248856663703918,1.3398475646972656,-0.05604391545057297,0.09602681547403336,0.17413491010665894,1.386393427848816,-0.36288726329803467,0.19599446654319763,0.8006694316864014,1.7107906341552734,-0.23140095174312592,0.01708127185702324,0.20795617997646332,1.725059151649475,-0.6048360466957092,0.039724357426166534,0.657882571220398,1.7788952589035034,-0.023075589910149574,0.00038431381108239293,0.349202036857605,1.7821272611618042,0.028479497879743576,0.00035918521462008357
19,0.605706512928009,0.5477176904678345,-1.0939676761627197,0.9999514222145081,0.7455704212188721,0.9268777370452881,-0.35279491543769836,0.9989514946937561,0.2709311544895172,0.9272928237915039,-0.6888827085494995,0.9991808533668518,0.8259791135787964,1.3398330211639404,-0.061426274478435516,0.10370521992444992,0.17561043798923492,1.3869379758834839,-0.47742921113967896,0.20972280204296112,0.8069141507148743,1.7116060256958008,-0.13801997900009155,0.018566932529211044,0.21201655268669128,1.725186824798584,-0.6035304069519043,0.04072888195514679,0.6581828594207764,1.7753303050994873,-0.01074758917093277,0.0004061000654473901,0.34969690442085266,1.7808260917663574,0.015461346134543419,0.000368485547369346
20,0.6152851581573486,0.5468727350234985,-0.8664482831954956,0.999938428401947,0.7439671754837036,0.9272882342338562,-0.2858622372150421,0.9989149570465088,0.2707262933254242,0.9288434386253357,-0.6360454559326172,0.9991693496704102,0.8242177963256836,1.340175747871399,-0.016288574784994125,0.10826361924409866,0.17665740847587585,1.3894151449203491,-0.4873184263706207,0.21798761188983917,0.8069449663162231,1.712969422340393,-0.07178863883018494,0.019250810146331787,0.21394823491573334,1.7276297807693481,-0.5889348983764648,0.04231076315045357,0.6563907265663147,1.7747244834899902,0.004965057596564293,0.0004305462643969804,0.34953922033309937,1.7798762321472168,-0.0007227488094940782,0.0003849719651043415
21,0.6251275539398193,0.5464073419570923,-0.8380478024482727,0.999919056892395,0.742117702960968,0.9276946187019348,-0.26001137495040894,0.998866856098175,0.27060091495513916,0.9301415085792542,-0.6205334663391113,0.9991371631622314,0.8242698311805725,1.3402466773986816,-0.007149841170758009,0.11326593905687332,0.17686404287815094,1.394330382347107,-0.4928798973560333,0.22683344781398773,0.8084995746612549,1.7138463258743286,-0.06674591451883316,0.01972869783639908,0.2148050218820572,1.729118824005127,-0.5991669297218323,0.04320210590958595,0.6554173231124878,1.7744967937469482,0.010851537808775902,0.00046579353511333466,0.34955066442489624,1.7789852619171143,-0.006652467418462038,0.00040766748134046793
22,0.6376063227653503,0.5455824732780457,-0.8324168920516968,0.9998928904533386,0.7408285737037659,0.9278927445411682,-0.2559967339038849,0.9987569451332092,0.2716028690338135,0.9311820268630981,-0.6604602336883545,0.9990906715393066,0.8243287205696106,1.3402799367904663,0.01008628774434328,0.11610817164182663,0.17931891977787018,1.4000128507614136,-0.5505410432815552,0.23521670699119568,0.8099449872970581,1.7136727571487427,-0.031070105731487274,0.020304929465055466,0.21492111682891846,1.731231689453125,-0.6408199667930603,0.045876432210206985,0.6542199850082397,1.7724517583847046,0.014958810992538929,0.00047117398935370147,0.3494505286216736,1.77703058719635,-0.010678294114768505,0.00040581877692602575
23,0.6402113437652588,0.5462049245834351,-0.7990337610244751,0.9998699426651001,0.7405803203582764,0.9280989170074463,-0.22727298736572266,0.998727023601532,0.2733343243598938,0.9314831495285034,-0.650686502456665,0.9990733861923218,0.8252667784690857,1.3412829637527466,0.012865271419286728,0.11725497245788574,0.18153978884220123,1.400673747062683,-0.548730731010437,0.23982755839824677,0.8211771249771118,1.714249849319458,-0.07234380394220352,0.02036333456635475,0.21491234004497528,1.7328789234161377,-0.6520090103149414,0.045642390847206116,0.6541783809661865,1.7722910642623901,0.0263413954526186,0.0004884281079284847,0.3510134518146515,1.7764965295791626,-0.02188921719789505,0.0004165640566498041
24,0.6447644829750061,0.5478695631027222,-0.8365388512611389,0.9998440146446228,0.7398878335952759,0.9304029941558838,-0.2402457594871521,0.9986663460731506,0.274781733751297,0.9319096803665161,-0.6882922053337097,0.9990230202674866,0.8251737356185913,1.3455712795257568,-0.002189992694184184,0.11795812100172043,0.1811825931072235,1.3996436595916748,-0.5797281861305237,0.24170035123825073,0.82652348279953,1.7140716314315796,-0.07777122408151627,0.020845288410782814,0.21416106820106506,1.7335772514343262,-0.6753888130187988,0.04511937499046326,0.6525149345397949,1.770287036895752,0.03170808404684067,0.00048390886513516307,0.35090509057044983,1.7725982666015625,-0.027157846838235855,0.0004082319210283458
25,0.6438643932342529,0.5479578971862793,-0.8231917023658752,0.9998087882995605,0.7398973703384399,0.9322126507759094,-0.21567460894584656,0.9985577464103699,0.27688857913017273,0.9318830966949463,-0.678601086139679,0.9989836812019348,0.82557612657547,1.3471006155014038,0.04590332880616188,0.1183336153626442,0.17911362648010254,1.3920148611068726,-0.5616031289100647,0.24933326244354248,0.829919159412384,1.7139064073562622,-0.01900106854736805,0.021239755675196648,0.2122591882944107,1.7240861654281616,-0.6730521321296692,0.045437563210725784,0.6506946086883545,1.7718026638031006,0.039347127079963684,0.000491632497869432,0.3507315516471863,1.7724024057388306,-0.03481903299689293,0.000413067959016189
26,0.6426986455917358,0.548845112323761,-0.776246964931488,0.9997885823249817,0.7396523356437683,0.9334805011749268,-0.20458151400089264,0.9984537959098816,0.27814969420433044,0.9319416284561157,-0.6580755114555359,0.9989463090896606,0.8255757689476013,1.3469617366790771,0.06497521698474884,0.11763077229261398,0.17765581607818604,1.3871029615402222,-0.5414274334907532,0.2552869915962219,0.8316605091094971,1.7124688625335693,0.04396004229784012,0.021415289491415024,0.20900654792785645,1.7164398431777954,-0.6384658217430115,0.04567868635058403,0.6496657133102417,1.7721508741378784,0.03773399069905281,0.0005021383985877037,0.35072317719459534,1.772313117980957,-0.033263131976127625,0.0004194292123429477
27,0.6424905061721802,0.5507506132125854,-0.7630725502967834,0.9997711181640625,0.7387933135032654,0.9346355199813843,-0.20057642459869385,0.9984045028686523,0.2794559895992279,0.9319447875022888,-0.6505348086357117,0.9989292025566101,0.8247676491737366,1.346462607383728,0.08278263360261917,0.11956171691417694,0.1773359179496765,1.3826245069503784,-0.5389118790626526,0.2654581367969513,0.8317233324050903,1.7120550870895386,0.08705020695924759,0.021734045818448067,0.20828983187675476,1.71407949924469,-0.6177642941474915,0.04601679742336273,0.6480510234832764,1.772007942199707,0.03803011029958725,0.0005226800567470491,0.3507120907306671,1.7720521688461304,-0.033643025904893875,0.0004325529735069722
28,0.6419358849525452,0.5529314279556274,-0.9484981894493103,0.9997450709342957,0.7384725213050842,0.9357060194015503,-0.24099081754684448,0.9983724355697632,0.27955663204193115,0.9320943355560303,-0.7744705677032471,0.9988874197006226,0.8247801661491394,1.3464418649673462,0.06699672341346741,0.1266111135482788,0.1773710548877716,1.381883978843689,-0.6173288226127625,0.27504536509513855,0.8353033661842346,1.711546778678894,0.0331948846578598,0.022793760523200035,0.2084784060716629,1.7119312286376953,-0.6900125741958618,0.045426107943058014,0.6476598381996155,1.771903157234192,0.04634203389286995,0.0005323000950738788,0.350175678730011,1.7709190845489502,-0.04179450124502182,0.0004350030212663114
29,0.6424757838249207,0.5536845326423645,-1.030866026878357,0.999723494052887,0.7380036115646362,0.9346147179603577,-0.29046928882598877,0.9983400702476501,0.2798807621002197,0.9321807026863098,-0.8265558481216431,0.9988499283790588,0.823993444442749,1.345990538597107,0.031149189919233322,0.13188496232032776,0.17848344147205353,1.3847525119781494,-0.6786391735076904,0.28127267956733704,0.8346519470214844,1.711394190788269,-0.06443431973457336,0.023340679705142975,0.20908239483833313,1.720296859741211,-0.7913540005683899,0.04564591497182846,0.6476648449897766,1.7648725509643555,0.04889053478837013,0.0005228575319051743,0.35016176104545593,1.7625162601470947,-0.044225793331861496,0.00042437578667886555
30,0.64207524061203,0.5518131256103516,-1.0856621265411377,0.999721109867096,0.7380455136299133,0.9307483434677124,-0.28453004360198975,0.9983662366867065,0.27988043427467346,0.9317083358764648,-0.7614636421203613,0.9988297820091248,0.8202502131462097,1.3447222709655762,0.04477900639176369,0.13257049024105072,0.17757345736026764,1.3800872564315796,-0.6724787354469299,0.2936183512210846,0.8257283568382263,1.7112077474594116,-0.09689246118068695,0.023433007299900055,0.20915338397026062,1.7168622016906738,-0.7505800724029541,0.045777350664138794,0.6493690013885498,1.7650214433670044,0.045365504920482635,0.0005629737861454487,0.35121721029281616,1.7640520334243774,-0.040486328303813934,0.00045002493425272405
31,0.632368803024292,0.5497798323631287,-1.201302170753479,0.9997137188911438,0.7386602759361267,0.930422306060791,-0.3363994359970093,0.998298168182373,0.2793481945991516,0.9311445355415344,-0.7374938726425171,0.9987253546714783,0.8200428485870361,1.3449617624282837,-0.10216912627220154,0.13272663950920105,0.17733462154865265,1.3814680576324463,-0.6206778287887573,0.2966133654117584,0.8201920986175537,1.7124477624893188,-0.39154505729675293,0.02329021506011486,0.2084401249885559,1.7171770334243774,-0.7809861898422241,0.04587515443563461,0.6500356197357178,1.7669825553894043,0.024449115619063377,0.0005705812945961952,0.35081544518470764,1.7659798860549927,-0.01923343539237976,0.00045572649105452
32,0.6176475882530212,0.5450047254562378,-1.1587735414505005,0.9997225999832153,0.740522027015686,0.9294975399971008,-0.31730425357818604,0.9982972741127014,0.27967357635498047,0.9280894994735718,-0.64829421043396,0.9986690878868103,0.8214106559753418,1.3443821668624878,-0.09605972468852997,0.13158296048641205,0.1784307360649109,1.3784000873565674,-0.47860249876976013,0.29837775230407715,0.8201795816421509,1.7122029066085815,-0.39374884963035583,0.023369785398244858,0.2095237523317337,1.7121771574020386,-0.7545599341392517,0.04561782255768776,0.6567609906196594,1.7678030729293823,0.009137704037129879,0.0005946194287389517,0.35443469882011414,1.7672957181930542,-0.0038740569725632668,0.0004722427111119032
33,0.5846341848373413,0.5434030890464783,-1.1442712545394897,0.9997439980506897,0.7406837940216064,0.9282379150390625,-0.31567296385765076,0.9983336925506592,0.27920103073120117,0.9243872761726379,-0.5667912364006042,0.9986947178840637,0.8223285675048828,1.3433666229248047,-0.13605175912380219,0.12527482211589813,0.17588825523853302,1.37124764919281,-0.39309749007225037,0.2934700548648834,0.8171994686126709,1.7092105150222778,-0.43319016695022583,0.022674405947327614,0.20768018066883087,1.7103387117385864,-0.7244946956634521,0.04484451189637184,0.6570678353309631,1.7678077220916748,-0.006475287489593029,0.0005782569060102105,0.35435783863067627,1.767302393913269,0.01209486834704876,0.00046119990292936563
34,0.5548200011253357,0.5411962866783142,-1.1683084964752197,0.9997648000717163,0.7397234439849854,0.9261523485183716,-0.3280087411403656,0.9983119964599609,0.27791035175323486,0.9155743718147278,-0.5230768918991089,0.9987300038337708,0.8213652968406677,1.342348337173462,-0.1483319103717804,0.1187167689204216,0.17574535310268402,1.3576819896697998,-0.35785603523254395,0.2866899371147156,0.806606650352478,1.7037566900253296,-0.41367989778518677,0.021747052669525146,0.20696911215782166,1.69785475730896,-0.721554696559906,0.04461340978741646,0.6564065217971802,1.7587488889694214,-0.019305992871522903,0.0005477741360664368,0.3510410189628601,1.7537384033203125,0.02507689595222473,0.0004392704286146909
35,0.5269108414649963,0.5347678065299988,-1.19733464717865,0.999785304069519,0.7393607497215271,0.9222549200057983,-0.3564520478248596,0.9983133673667908,0.2776678502559662,0.9068844318389893,-0.4976072609424591,0.9987883567810059,0.8210119009017944,1.3412638902664185,-0.21434436738491058,0.11367372423410416,0.17627543210983276,1.3455524444580078,-0.3496517539024353,0.2827932834625244,0.8019707798957825,1.6988015174865723,-0.5308904647827148,0.02102271281182766,0.20688533782958984,1.6805492639541626,-0.7469754815101624,0.0460410937666893,0.6555852890014648,1.7493699789047241,-0.03596276417374611,0.0005220926832407713,0.3482467532157898,1.7418348789215088,0.04177146404981613,0.0004246518947184086
36,0.500153124332428,0.5289567112922668,-1.1907645463943481,0.999802827835083,0.739340603351593,0.9178048968315125,-0.37699389457702637,0.998284637928009,0.2773229777812958,0.8977044224739075,-0.479287713766098,0.998856246471405,0.8214064836502075,1.341086983680725,-0.2598683536052704,0.10935555398464203,0.17605338990688324,1.3298543691635132,-0.3526715636253357,0.28383541107177734,0.7994428277015686,1.6935123205184937,-0.5790594220161438,0.020400816574692726,0.2064329981803894,1.6658798456192017,-0.7886008620262146,0.04907296970486641,0.654456377029419,1.7455130815505981,-0.038918692618608475,0.0005084157455712557,0.34499484300613403,1.733733057975769,0.044731903821229935,0.0004246575990691781
37,0.4724048376083374,0.5292970538139343,-1.0677740573883057,0.999815821647644,0.7396149635314941,0.9167094826698303,-0.3720030188560486,0.9981538653373718,0.2765163779258728,0.8933659195899963,-0.417967289686203,0.9989047646522522,0.8249303102493286,1.3455352783203125,-0.25579261779785156,0.10267823934555054,0.17217698693275452,1.3173373937606812,-0.31281471252441406,0.27257782220840454,0.7981683015823364,1.6937429904937744,-0.49063190817832947,0.019286412745714188,0.201716810464859,1.6628257036209106,-0.7569175362586975,0.04827282205224037,0.6505147218704224,1.745432734489441,-0.03914622589945793,0.0004801054310519248,0.34085264801979065,1.7310421466827393,0.04506204277276993,0.0004084947577212006
38,0.44011878967285156,0.5278738141059875,-0.788934588432312,0.9998258948326111,0.7412354350090027,0.9167646765708923,-0.40465766191482544,0.9977479577064514,0.2766282856464386,0.890699028968811,-0.32768189907073975,0.9989452362060547,0.8286771774291992,1.3602018356323242,-0.31291791796684265,0.09553878009319305,0.16970382630825043,1.3004456758499146,-0.24829114973545074,0.25656256079673767,0.7892388105392456,1.7027474641799927,-0.4510185122489929,0.018404200673103333,0.19449543952941895,1.6559922695159912,-0.651459276676178,0.04756465554237366,0.6475715637207031,1.7472786903381348,-0.04297550395131111,0.0004456110473256558,0.3373490869998932,1.7321776151657104,0.04916410520672798,0.0003883547324221581
39,0.4258001446723938,0.5281331539154053,-0.737023651599884,0.9998389482498169,0.7425153255462646,0.9180392622947693,-0.4441532492637634,0.997551441192627,0.2732245922088623,0.8917785882949829,-0.2887127697467804,0.9989857077598572,0.833270251750946,1.3756386041641235,-0.34234556555747986,0.09027362614870071,0.16800525784492493,1.30630362033844,-0.22630715370178223,0.2375861257314682,0.7849807739257812,1.7230082750320435,-0.40932539105415344,0.01931021921336651,0.19254739582538605,1.6666756868362427,-0.6600316166877747,0.04929881915450096,0.6462469696998596,1.7600696086883545,-0.05486636608839035,0.00041460819193162024,0.33299902081489563,1.7392510175704956,0.06146363914012909,0.00037065139622427523
40,0.41066280007362366,0.5283353328704834,-0.6705759763717651,0.999846875667572,0.7440165281295776,0.9184063673019409,-0.48120754957199097,0.9972243309020996,0.2731654644012451,0.8917086124420166,-0.24306146800518036,0.9990169405937195,0.8367866277694702,1.379142165184021,-0.37588027119636536,0.08549220114946365,0.16599048674106598,1.300119161605835,-0.16378390789031982,0.2200791835784912,0.785574734210968,1.7257601022720337,-0.3737497627735138,0.020017480477690697,0.18722127377986908,1.6679555177688599,-0.5985854864120483,0.05018012598156929,0.6444627046585083,1.7638452053070068,-0.06571094691753387,0.00038466363912448287,0.3307928442955017,1.7394944429397583,0.07252517342567444,0.00035334218409843743
41,0.3947451114654541,0.5295494198799133,-0.6536557674407959,0.999850332736969,0.7445968985557556,0.9184386134147644,-0.5324735045433044,0.996823787689209,0.2742963433265686,0.8901124000549316,-0.21672479808330536,0.9990355372428894,0.8382120132446289,1.3776006698608398,-0.3985973000526428,0.08204761892557144,0.16560465097427368,1.2971069812774658,-0.1168435662984848,0.20307543873786926,0.7858293652534485,1.725029468536377,-0.30589714646339417,0.021617164835333824,0.18150967359542847,1.6684534549713135,-0.5484674572944641,0.050946325063705444,0.6427149176597595,1.7638421058654785,-0.08236806094646454,0.0003572824934963137,0.32971325516700745,1.7383631467819214,0.08916638791561127,0.00033770845038816333
42,0.38560816645622253,0.5296040773391724,-0.6286563873291016,0.999852180480957,0.7446243166923523,0.9168175458908081,-0.5338238477706909,0.9965225458145142,0.27471065521240234,0.8896610736846924,-0.19671939313411713,0.9990525245666504,0.8423119187355042,1.3757323026657104,-0.38317054510116577,0.0800529420375824,0.1676149219274521,1.300215244293213,-0.07124710828065872,0.18904215097427368,0.7879163026809692,1.7244305610656738,-0.24883396923542023,0.023068750277161598,0.17787812650203705,1.670750617980957,-0.48332056403160095,0.05207030475139618,0.6420172452926636,1.7634021043777466,-0.09091288596391678,0.00033453229116275907,0.3298449218273163,1.7372914552688599,0.09755754470825195,0.00032606112654320896
43,0.3752695620059967,0.529775857925415,-0.6166014671325684,0.9998560547828674,0.7445920705795288,0.9147017002105713,-0.522255539894104,0.9960843920707703,0.2760654091835022,0.8897855281829834,-0.20172536373138428,0.9990424513816833,0.8443247675895691,1.3726009130477905,-0.38231754302978516,0.07644261419773102,0.16763807833194733,1.3010534048080444,-0.08565447479486465,0.17523103952407837,0.7910540699958801,1.7240312099456787,-0.26503998041152954,0.023425357416272163,0.171817347407341,1.6743305921554565,-0.5051194429397583,0.05267583206295967,0.6394484043121338,1.7600853443145752,-0.09319938719272614,0.0003089086676482111,0.328935444355011,1.732553482055664,0.09998580813407898,0.00030596950091421604
44,0.36791616678237915,0.5300155878067017,-0.6002779603004456,0.9998559951782227,0.7446688413619995,0.9149270057678223,-0.5250992178916931,0.995610773563385,0.2782987952232361,0.8899123072624207,-0.19111113250255585,0.9990329146385193,0.8450260162353516,1.3719969987869263,-0.3875666558742523,0.07358451932668686,0.1686747968196869,1.3080044984817505,-0.06661108881235123,0.16345994174480438,0.7941992282867432,1.7237135171890259,-0.2641466557979584,0.02393229864537716,0.16715826094150543,1.6844053268432617,-0.4825274348258972,0.05332504212856293,0.6364333033561707,1.7602121829986572,-0.09865134954452515,0.0002874268393497914,0.3280068337917328,1.7328108549118042,0.10538686066865921,0.0002913912176154554
45,0.35810014605522156,0.5301520228385925,-0.588228166103363,0.9998508095741272,0.7446651458740234,0.9149898290634155,-0.5238091945648193,0.9952830672264099,0.2788294553756714,0.8900114297866821,-0.1954822838306427,0.9990013241767883,0.8447834849357605,1.3702138662338257,-0.39780864119529724,0.07043007761240005,0.16844472289085388,1.3088490962982178,-0.06886053830385208,0.1523396521806717,0.7988108396530151,1.7204967737197876,-0.2764539420604706,0.02406584843993187,0.16745826601982117,1.6841859817504883,-0.45448723435401917,0.05215625464916229,0.6347400546073914,1.7604695558547974,-0.09875114262104034,0.00026677767164073884,0.3276353180408478,1.7330271005630493,0.10549668222665787,0.00027594028506428003
46,0.3578420579433441,0.5328551530838013,-0.5938557982444763,0.9998448491096497,0.7466124892234802,0.9168470501899719,-0.5334343910217285,0.9949724674224854,0.2789149880409241,0.8912314772605896,-0.19208087027072906,0.9989771246910095,0.8460639119148254,1.3696227073669434,-0.40200984477996826,0.06837748736143112,0.16642871499061584,1.308754801750183,-0.055666033178567886,0.14358152449131012,0.8051307797431946,1.7211592197418213,-0.2737990617752075,0.024390198290348053,0.16845184564590454,1.6842327117919922,-0.4277608096599579,0.051524482667446136,0.6348565220832825,1.7674773931503296,-0.10282713919878006,0.0002479861141182482,0.327698290348053,1.7410743236541748,0.10961207002401352,0.00026212193188257515
47,0.3550519645214081,0.5372191667556763,-0.5929428339004517,0.9998436570167542,0.7475045919418335,0.9180135130882263,-0.5200040340423584,0.9947049021720886,0.28028830885887146,0.8917902708053589,-0.19921939074993134,0.9989575743675232,0.8458976745605469,1.3705946207046509,-0.3865523040294647,0.06551293283700943,0.15964968502521515,1.308969259262085,-0.07288521528244019,0.1354447454214096,0.8057835102081299,1.7248486280441284,-0.2648121118545532,0.02383011393249035,0.16629168391227722,1.6855241060256958,-0.4457140862941742,0.05010116472840309,0.6352418661117554,1.768566370010376,-0.0996113121509552,0.00022979437198955566,0.32782483100891113,1.7436604499816895,0.10636734962463379,0.0002470652980264276
48,0.3534688651561737,0.5439310073852539,-0.5883194208145142,0.9998435974121094,0.7479243874549866,0.9182739853858948,-0.5129409432411194,0.9946102499961853,0.28145402669906616,0.8919606804847717,-0.19905489683151245,0.9989591240882874,0.8450546264648438,1.3703011274337769,-0.3780941665172577,0.062885582447052,0.1569325476884842,1.3064541816711426,-0.0694158747792244,0.1283484846353531,0.8057002425193787,1.7247872352600098,-0.2482735514640808,0.023441048339009285,0.16694530844688416,1.6844587326049805,-0.42805585265159607,0.048815056681632996,0.6353287100791931,1.7684446573257446,-0.09740503877401352,0.0002142024750355631,0.3281489312648773,1.7436821460723877,0.1041213646531105,0.00023474190675187856
49,0.35306116938591003,0.5495302081108093,-0.5967674255371094,0.9998414516448975,0.7484190464019775,0.9191949367523193,-0.511972963809967,0.9945353269577026,0.28195396065711975,0.8922960162162781,-0.2027554214000702,0.9989578723907471,0.8449127078056335,1.3702080249786377,-0.38106662034988403,0.06113969162106514,0.15570035576820374,1.3066530227661133,-0.08500553667545319,0.12168809026479721,0.8062969446182251,1.7247700691223145,-0.25580236315727234,0.0232522115111351,0.16671863198280334,1.6843698024749756,-0.45311519503593445,0.047579873353242874,0.6355317234992981,1.7684478759765625,-0.09659545868635178,0.00020082257105968893,0.32863277196884155,1.7440236806869507,0.10330989211797714,0.00022455376165453345
50,0.35327619314193726,0.5493422746658325,-0.5984660387039185,0.9998379349708557,0.7484776377677917,0.919689416885376,-0.5102146863937378,0.9943066835403442,0.28119850158691406,0.8931258916854858,-0.2039245367050171,0.998934805393219,0.846269965171814,1.3700149059295654,-0.3860941529273987,0.0595138743519783,0.15528446435928345,1.308281421661377,-0.0812978595495224,0.11569354683160782,0.8073728084564209,1.7247151136398315,-0.2617618143558502,0.022959327325224876,0.16701897978782654,1.6898176670074463,-0.45160016417503357,0.04655848816037178,0.6364011764526367,1.7723181247711182,-0.09734051674604416,0.00018729586736299098,0.32868003845214844,1.7506216764450073,0.10413539409637451,0.00021311306045390666
51,0.35382041335105896,0.5490512251853943,-0.5758886337280273,0.9998293519020081,0.7480366826057434,0.9190040826797485,-0.5100354552268982,0.9941540360450745,0.280502051115036,0.893143355846405,-0.1852693110704422,0.998925507068634,0.8392775654792786,1.3698763847351074,-0.38305938243865967,0.05816156789660454,0.15822643041610718,1.3064043521881104,-0.04479777067899704,0.11004156619310379,0.7979852557182312,1.7201706171035767,-0.26301130652427673,0.022948088124394417,0.1675097495317459,1.687657117843628,-0.37722840905189514,0.045233067125082016,0.6342415809631348,1.7692316770553589,-0.09656907618045807,0.00017895795463118702,0.3274367153644562,1.746343970298767,0.10332625359296799,0.00021024556190241128
52,0.35598641633987427,0.5456888675689697,-0.5833116769790649,0.999825656414032,0.7479541897773743,0.9186620116233826,-0.5145866870880127,0.9940685033798218,0.2804967164993286,0.8928361535072327,-0.18977110087871552,0.9989254474639893,0.8359347581863403,1.369680643081665,-0.38145723938941956,0.056929029524326324,0.15929436683654785,1.306512713432312,-0.05751439929008484,0.1048322319984436,0.7940424680709839,1.71919846534729,-0.24783451855182648,0.02339131571352482,0.16761897504329681,1.6875569820404053,-0.41127508878707886,0.04452373459935188,0.6333944797515869,1.767972707748413,-0.09739002585411072,0.00017149836639873683,0.3273512125015259,1.7442342042922974,0.10410057008266449,0.0002070609334623441
53,0.3566192388534546,0.5431452989578247,-0.5907029509544373,0.9998285174369812,0.7479621171951294,0.9186752438545227,-0.5157161951065063,0.9941003918647766,0.27991601824760437,0.8929291367530823,-0.200404554605484,0.9989356398582458,0.8355152010917664,1.37032949924469,-0.3845524191856384,0.05598803609609604,0.16138780117034912,1.3158996105194092,-0.08421999216079712,0.09903442859649658,0.7921257615089417,1.7194644212722778,-0.27834048867225647,0.02335936762392521,0.17028498649597168,1.703513264656067,-0.47238656878471375,0.04365815594792366,0.6337199211120605,1.7679356336593628,-0.09703262895345688,0.00016463844804093242,0.32814478874206543,1.7442678213119507,0.10376366972923279,0.00020238423894625157
54,0.3705754578113556,0.5427795648574829,-0.6190252304077148,0.9998347759246826,0.7482206225395203,0.9186925292015076,-0.5069000124931335,0.9940145015716553,0.27899616956710815,0.8951650261878967,-0.20501531660556793,0.9989330172538757,0.8353076577186584,1.3709341287612915,-0.3702804148197174,0.055067650973796844,0.16208921372890472,1.331529140472412,-0.08377425372600555,0.09496364742517471,0.7856853604316711,1.721825361251831,-0.27259427309036255,0.023297393694519997,0.1730976402759552,1.7230321168899536,-0.443790465593338,0.043743159621953964,0.636446475982666,1.7698606252670288,-0.09674785286188126,0.0001554365735501051,0.32903534173965454,1.7468914985656738,0.10345285385847092,0.00019298656843602657
55,0.39156487584114075,0.5430505871772766,-0.6429836750030518,0.9998427629470825,0.7481479644775391,0.9198183417320251,-0.46634483337402344,0.9940720200538635,0.27753210067749023,0.8960134983062744,-0.20855572819709778,0.9989451169967651,0.8348771929740906,1.371010184288025,-0.3502540588378906,0.054230500012636185,0.16535058617591858,1.3355215787887573,-0.1255573034286499,0.09128676354885101,0.783646821975708,1.7226120233535767,-0.27487972378730774,0.023150485008955002,0.17645610868930817,1.723692774772644,-0.5169060230255127,0.04364382475614548,0.6364690065383911,1.7698148488998413,-0.09266500920057297,0.0001523659739177674,0.3291225731372833,1.7469357252120972,0.0991557314991951,0.0001917535555548966
56,0.40987569093704224,0.5447410345077515,-0.6803326606750488,0.9998517632484436,0.74824458360672,0.9219362139701843,-0.4423045814037323,0.9941938519477844,0.27561941742897034,0.8968473076820374,-0.22389034926891327,0.9989717602729797,0.8349055051803589,1.3730915784835815,-0.33164456486701965,0.05403885990381241,0.16640116274356842,1.33944571018219,-0.16399617493152618,0.08854646980762482,0.7825092077255249,1.7261297702789307,-0.2880890965461731,0.023409012705087662,0.17836543917655945,1.7258639335632324,-0.5927338004112244,0.045347049832344055,0.6371525526046753,1.7698006629943848,-0.0859435647726059,0.00015280254592653364,0.329140841960907,1.7473022937774658,0.09220842272043228,0.0001952843158505857
57,0.4221867620944977,0.5444350838661194,-0.7089563012123108,0.9998624324798584,0.7482168674468994,0.9250797033309937,-0.419431209564209,0.9944549202919006,0.2735334634780884,0.8996123671531677,-0.24231162667274475,0.9989984631538391,0.8367205858230591,1.3751331567764282,-0.3227778971195221,0.05441194772720337,0.1680697202682495,1.3474353551864624,-0.19919782876968384,0.08585656434297562,0.7827960848808289,1.7317204475402832,-0.3124719560146332,0.023235319182276726,0.18125459551811218,1.7316950559616089,-0.6513153314590454,0.04517960175871849,0.6392791867256165,1.7703274488449097,-0.08117831498384476,0.00015603919746354222,0.3293564021587372,1.7492809295654297,0.08727370202541351,0.00020072670304216444
58,0.4405355155467987,0.5444716811180115,-0.7462356090545654,0.9998719692230225,0.7482175230979919,0.9263279438018799,-0.38183003664016724,0.9947460293769836,0.2717573642730713,0.9008275270462036,-0.260664701461792,0.9990334510803223,0.8374672532081604,1.37282395362854,-0.27345409989356995,0.05536249279975891,0.17011110484600067,1.3463720083236694,-0.20214475691318512,0.08502443879842758,0.7829389572143555,1.7315887212753296,-0.2952961325645447,0.022814908996224403,0.184517502784729,1.7310116291046143,-0.6142863631248474,0.04555138945579529,0.641103208065033,1.7678102254867554,-0.0743127092719078,0.00016088793927337974,0.3296020030975342,1.7487940788269043,0.08007937669754028,0.00020742374181281775
59,0.46121934056282043,0.5446327924728394,-0.8540524244308472,0.9998822808265686,0.7481377124786377,0.9265360236167908,-0.3444717824459076,0.9951179623603821,0.2711135447025299,0.9023938775062561,-0.32587188482284546,0.9990826845169067,0.8367794752120972,1.3650203943252563,-0.21483631432056427,0.0559074692428112,0.1705639660358429,1.3498435020446777,-0.23395241796970367,0.08745548874139786,0.7830071449279785,1.7247014045715332,-0.2947924733161926,0.021983981132507324,0.18533651530742645,1.7294343709945679,-0.6049778461456299,0.04502703249454498,0.6432658433914185,1.7605397701263428,-0.06325885653495789,0.00016781331214588135,0.33069106936454773,1.7464239597320557,0.06885553896427155,0.00021298126375768334
60,0.47124817967414856,0.5448090434074402,-0.9344085454940796,0.9998911619186401,0.7468353509902954,0.9265297651290894,-0.3288865089416504,0.995477557182312,0.2709554135799408,0.9046908617019653,-0.3602655529975891,0.9991225004196167,0.8344475626945496,1.3580211400985718,-0.2161138653755188,0.057702161371707916,0.1704116016626358,1.351439356803894,-0.29685211181640625,0.09596612304449081,0.7857344746589661,1.7184219360351562,-0.3797137439250946,0.021346256136894226,0.1858149915933609,1.7263785600662231,-0.7400690317153931,0.046002358198165894,0.6443565487861633,1.7563154697418213,-0.05725112929940224,0.00017750903498381376,0.33268848061561584,1.7452937364578247,0.06286299228668213,0.00021946782362647355
61,0.48154500126838684,0.5448487997055054,-1.0016427040100098,0.9999002814292908,0.7455940246582031,0.9273192286491394,-0.3063810467720032,0.9958545565605164,0.27014029026031494,0.9076833724975586,-0.39961981773376465,0.9991624355316162,0.834662675857544,1.3531250953674316,-0.14394038915634155,0.06332460790872574,0.1695188283920288,1.3510040044784546,-0.2528112828731537,0.10936733335256577,0.801119863986969,1.7151155471801758,-0.35734689235687256,0.020752353593707085,0.18689857423305511,1.712664246559143,-0.5772629380226135,0.04573662206530571,0.6443752646446228,1.7547439336776733,-0.051525577902793884,0.00018579595780465752,0.3332641124725342,1.7447988986968994,0.05706929787993431,0.00022175125195644796
62,0.48722538352012634,0.5465713739395142,-0.9591774344444275,0.9999092817306519,0.7430879473686218,0.9285343885421753,-0.2759776711463928,0.9962124824523926,0.26788732409477234,0.9114853143692017,-0.3919276297092438,0.9992092847824097,0.8353376388549805,1.3504209518432617,-0.10722652822732925,0.06833621859550476,0.16579531133174896,1.3491551876068115,-0.23494215309619904,0.1189790815114975,0.8078286051750183,1.7132129669189453,-0.3018577992916107,0.020287593826651573,0.18685826659202576,1.69586181640625,-0.5186522006988525,0.045398056507110596,0.6443711519241333,1.7540557384490967,-0.04367205128073692,0.00018975159036926925,0.3333526849746704,1.7447432279586792,0.04929541423916817,0.0002202849864261225
63,0.49356332421302795,0.5483921766281128,-1.0463597774505615,0.9999167323112488,0.741828203201294,0.9289996027946472,-0.27797698974609375,0.9965251088142395,0.2671585977077484,0.9148792028427124,-0.41245895624160767,0.9992404580116272,0.8313400745391846,1.3481227159500122,-0.124635711312294,0.07067976146936417,0.16496236622333527,1.3488218784332275,-0.2569213807582855,0.1331620067358017,0.8069337010383606,1.7109876871109009,-0.35369428992271423,0.019749606028199196,0.1868600994348526,1.6912531852722168,-0.602506160736084,0.04538203030824661,0.6452193260192871,1.7549017667770386,-0.04137570410966873,0.00019564737158361822,0.33598530292510986,1.7481873035430908,0.047098103910684586,0.00022057045134715736
64,0.4971999526023865,0.5492659211158752,-1.0566233396530151,0.999923825263977,0.7392517924308777,0.9287533164024353,-0.2696095108985901,0.9968125820159912,0.26700928807258606,0.9153335690498352,-0.4210730791091919,0.9992711544036865,0.8282204866409302,1.3342794179916382,-0.12483277171850204,0.07282238453626633,0.16490741074085236,1.344861626625061,-0.2964569926261902,0.14556849002838135,0.8080570101737976,1.6964528560638428,-0.3787533640861511,0.019692985340952873,0.18694697320461273,1.6792585849761963,-0.70417320728302,0.046766143292188644,0.6457470655441284,1.7527111768722534,-0.03862714767456055,0.0002000596869038418,0.3390007019042969,1.748106837272644,0.044339798390865326,0.00021954133990220726
65,0.49994388222694397,0.5495975613594055,-1.102854609489441,0.999929666519165,0.7383446097373962,0.9287076592445374,-0.2754950225353241,0.9970571994781494,0.2672535479068756,0.9153434634208679,-0.42677080631256104,0.9992923736572266,0.827869713306427,1.3270609378814697,-0.1458507627248764,0.07540425658226013,0.1653081327676773,1.342430591583252,-0.31062155961990356,0.16145829856395721,0.8135485649108887,1.6891319751739502,-0.4662021994590759,0.019982170313596725,0.1874670684337616,1.6708097457885742,-0.749022901058197,0.048637352883815765,0.645889163017273,1.751948595046997,-0.03952793404459953,0.0002122703881468624,0.3405035436153412,1.7478821277618408,0.045293159782886505,0.00022658730449620634
66,0.5036754608154297,0.5507678985595703,-1.1178584098815918,0.9999353289604187,0.7370624542236328,0.9288343787193298,-0.2627358138561249,0.9972795248031616,0.2678104341030121,0.9153202772140503,-0.42460349202156067,0.9993195533752441,0.8257991671562195,1.3260771036148071,-0.1557808369398117,0.07998688519001007,0.16786359250545502,1.3438869714736938,-0.3527175784111023,0.17924071848392487,0.8146880269050598,1.6870321035385132,-0.5332083106040955,0.020658355206251144,0.1874701827764511,1.672484040260315,-0.8717500567436218,0.05315938591957092,0.6458117961883545,1.7510550022125244,-0.04061486944556236,0.00023242518363986164,0.3405468463897705,1.7465744018554688,0.04640443995594978,0.00024180499895010144
67,0.5055669546127319,0.5519916415214539,-1.1267365217208862,0.9999406337738037,0.7364963293075562,0.9289771914482117,-0.26744648814201355,0.9974790811538696,0.26782530546188354,0.9152940511703491,-0.42832711338996887,0.9993486404418945,0.8238301277160645,1.3271275758743286,-0.15721048414707184,0.08246233314275742,0.16910399496555328,1.3483630418777466,-0.33716392517089844,0.19254933297634125,0.8140119910240173,1.6876037120819092,-0.5148224830627441,0.02079331874847412,0.18734177947044373,1.675018310546875,-0.8126459121704102,0.05592169612646103,0.6457898616790771,1.7501413822174072,-0.04124215617775917,0.00024189391115214676,0.34040719270706177,1.7452706098556519,0.047078490257263184,0.0002482164418324828
68,0.5059549808502197,0.5545604228973389,-1.1287448406219482,0.9999451041221619,0.736476719379425,0.9293829798698425,-0.2759377062320709,0.9976625442504883,0.2678411900997162,0.9153438806533813,-0.4507850408554077,0.999366044998169,0.8232960104942322,1.3278989791870117,-0.1577635109424591,0.08362632989883423,0.16909608244895935,1.3468135595321655,-0.3281206786632538,0.19972340762615204,0.8135671615600586,1.6882809400558472,-0.4752409756183624,0.02062203176319599,0.18770667910575867,1.6735048294067383,-0.7646476626396179,0.05589147284626961,0.6458178758621216,1.749932050704956,-0.03933984041213989,0.0002408589789411053,0.34040993452072144,1.7450718879699707,0.045234017074108124,0.0002441916731186211
69,0.5056578516960144,0.5558815002441406,-1.1209856271743774,0.999949038028717,0.736494243144989,0.929827094078064,-0.28233134746551514,0.9978209733963013,0.26818782091140747,0.9153538346290588,-0.44237619638442993,0.9993790984153748,0.8233814835548401,1.3279988765716553,-0.15321211516857147,0.08482897281646729,0.16904571652412415,1.3428117036819458,-0.3171272575855255,0.2075553834438324,0.8146832585334778,1.688533902168274,-0.45746099948883057,0.020592307671904564,0.18770191073417664,1.6696592569351196,-0.750815212726593,0.05587589740753174,0.6458197832107544,1.7498782873153687,-0.0397963672876358,0.00024264815147034824,0.3404611349105835,1.7449548244476318,0.0456940159201622,0.00024396910157520324
70,0.5067119598388672,0.5563016533851624,-1.1179924011230469,0.9999526739120483,0.7365204095840454,0.9297930598258972,-0.27091631293296814,0.9979618787765503,0.26852235198020935,0.9153743386268616,-0.43355175852775574,0.9993859529495239,0.8234509229660034,1.3246831893920898,-0.10405628383159637,0.08405192196369171,0.16903866827487946,1.3336488008499146,-0.26114898920059204,0.2088775932788849,0.8155521750450134,1.6854373216629028,-0.32818078994750977,0.020268689841032028,0.18883053958415985,1.6649150848388672,-0.570620059967041,0.054618142545223236,0.6460132002830505,1.748026728630066,-0.039188556373119354,0.0002374534960836172,0.34113427996635437,1.743749976158142,0.045012522488832474,0.0002365925902267918
71,0.5073718428611755,0.5566281080245972,-1.1056463718414307,0.9999560117721558,0.7365333437919617,0.9297764301300049,-0.2753114700317383,0.9980933666229248,0.2688082456588745,0.9154152870178223,-0.4442129135131836,0.9993906617164612,0.8235695958137512,1.3230934143066406,-0.1019098311662674,0.08401621878147125,0.16930238902568817,1.3293415307998657,-0.25386691093444824,0.2113727182149887,0.8155888319015503,1.683174967765808,-0.3256252408027649,0.02012220397591591,0.1908847987651825,1.6620724201202393,-0.5481147766113281,0.05347402021288872,0.6463423371315002,1.7468265295028687,-0.039296407252550125,0.00023375444288831204,0.3419385254383087,1.7428385019302368,0.04509226977825165,0.00023066614812705666
72,0.5081269145011902,0.5568619966506958,-1.1140843629837036,0.9999588131904602,0.7363971471786499,0.9295681715011597,-0.2786937952041626,0.9982133507728577,0.2690421938896179,0.9153475165367126,-0.45350217819213867,0.9994036555290222,0.8234100341796875,1.3202471733093262,-0.10715561360120773,0.08548734337091446,0.16960686445236206,1.3293535709381104,-0.2763653099536896,0.2176866978406906,0.816800594329834,1.6801680326461792,-0.3438129127025604,0.019881535321474075,0.19094231724739075,1.6625089645385742,-0.5729486346244812,0.05315824970602989,0.6463508009910583,1.7442916631698608,-0.03819673880934715,0.00023603448062203825,0.34221193194389343,1.7409141063690186,0.04395250231027603,0.00023069442249834538
73,0.5080828070640564,0.5573221445083618,-1.1262916326522827,0.9999616742134094,0.7361341714859009,0.9296517968177795,-0.2742169201374054,0.9983212947845459,0.26924410462379456,0.9149271845817566,-0.45024818181991577,0.9994245171546936,0.8220732808113098,1.3208621740341187,-0.13723376393318176,0.08867842704057693,0.16966870427131653,1.3355374336242676,-0.3088015913963318,0.22946909070014954,0.8164913058280945,1.6807496547698975,-0.5177340507507324,0.020220285281538963,0.18740913271903992,1.669762372970581,-0.7723423838615417,0.05683160573244095,0.6451345086097717,1.7441401481628418,-0.039329420775175095,0.00024427982862107456,0.34064653515815735,1.7398715019226074,0.045148830860853195,0.00023746676743030548
74,0.5075722932815552,0.5573656558990479,-1.1217573881149292,0.9999644756317139,0.736193835735321,0.9300525188446045,-0.2733117640018463,0.9984264373779297,0.26940369606018066,0.9145869016647339,-0.44821396470069885,0.9994460344314575,0.8219430446624756,1.324436068534851,-0.17613765597343445,0.09067127853631973,0.16994337737560272,1.3390973806381226,-0.34864136576652527,0.23718219995498657,0.8158562183380127,1.6844416856765747,-0.5788764357566833,0.02028123289346695,0.18518608808517456,1.6758960485458374,-0.8809340596199036,0.059023357927799225,0.6451473832130432,1.7441469430923462,-0.039395928382873535,0.0002513699291739613,0.3403870165348053,1.7394084930419922,0.04519512131810188,0.00024285582185257226
75,0.507103681564331,0.557521641254425,-1.1146494150161743,0.9999666213989258,0.7362035512924194,0.9298908710479736,-0.2749526798725128,0.9985208511352539,0.270052433013916,0.9139061570167542,-0.4452296495437622,0.9994542598724365,0.822458803653717,1.323707938194275,-0.17282824218273163,0.09149184077978134,0.16995550692081451,1.3325392007827759,-0.326761931180954,0.23912250995635986,0.8166050910949707,1.6845699548721313,-0.5181922912597656,0.020405346527695656,0.1860598921775818,1.6680160760879517,-0.788218080997467,0.05890204384922981,0.6451177597045898,1.7440996170043945,-0.03951440006494522,0.0002475863147992641,0.3405747711658478,1.7392922639846802,0.04532388970255852,0.00023806457465980202
76,0.5070037245750427,0.5576677322387695,-1.1104469299316406,0.9999683499336243,0.7362111210823059,0.9298285841941833,-0.27611833810806274,0.9985990524291992,0.27006950974464417,0.9138914346694946,-0.44135329127311707,0.9994592070579529,0.8231476545333862,1.322139859199524,-0.13446685671806335,0.09080810844898224,0.16877606511116028,1.3269619941711426,-0.2929631173610687,0.24205170571804047,0.8170027136802673,1.6827601194381714,-0.39335766434669495,0.020120985805988312,0.18607504665851593,1.6622952222824097,-0.6523449420928955,0.05775604769587517,0.6453148126602173,1.7437872886657715,-0.03888703137636185,0.000241275571170263,0.34153345227241516,1.7392253875732422,0.044696707278490067,0.00023084942949935794
77,0.5068621635437012,0.5584096312522888,-1.1142663955688477,0.9999703764915466,0.7362080216407776,0.9298847913742065,-0.2827420234680176,0.9986780285835266,0.2691917419433594,0.9143177270889282,-0.4482991099357605,0.9994648098945618,0.8240556716918945,1.321767807006836,-0.11917569488286972,0.0913170650601387,0.16782473027706146,1.326708197593689,-0.2818816006183624,0.24357736110687256,0.8169363737106323,1.6828930377960205,-0.35238102078437805,0.020124029368162155,0.18642303347587585,1.662382960319519,-0.6181185841560364,0.05705902352929115,0.6456905007362366,1.7441718578338623,-0.03895470127463341,0.00023361339117400348,0.341640442609787,1.740332007408142,0.044771552085876465,0.0002221219037892297
78,0.5064250230789185,0.5589818954467773,-1.0780068635940552,0.9999724626541138,0.7361103892326355,0.9300987124443054,-0.25375884771347046,0.998755156993866,0.2676558494567871,0.9159265160560608,-0.4450473487377167,0.9994768500328064,0.8245425820350647,1.3221055269241333,-0.10565798729658127,0.08986563235521317,0.16699114441871643,1.3359249830245972,-0.31601831316947937,0.2393094152212143,0.8165297508239746,1.6833066940307617,-0.3690823018550873,0.01974516175687313,0.18685473501682281,1.671193242073059,-0.7611917853355408,0.0566645972430706,0.6461261510848999,1.7467381954193115,-0.03804939240217209,0.0002280347398482263,0.341620534658432,1.7455600500106812,0.04397256672382355,0.0002157552953576669
79,0.5058298110961914,0.5589674115180969,-1.0839165449142456,0.999974250793457,0.7357268929481506,0.9301004409790039,-0.2514572739601135,0.9988065958023071,0.267678827047348,0.9164248704910278,-0.442893385887146,0.9994853138923645,0.8234949707984924,1.325777530670166,-0.13736934959888458,0.08911625295877457,0.16740275919437408,1.3482239246368408,-0.37808117270469666,0.24322761595249176,0.8158249855041504,1.6875433921813965,-0.5062838792800903,0.019314197823405266,0.18710307776927948,1.691997766494751,-0.9012625813484192,0.05765429139137268,0.6468440890312195,1.7471051216125488,-0.03807911276817322,0.00023154377413447946,0.3420674800872803,1.7461254596710205,0.04400244355201721,0.00021792553889099509
80,0.5053346753120422,0.5587628483772278,-1.098734736442566,0.9999755024909973,0.7353585958480835,0.9298401474952698,-0.25735366344451904,0.9988353252410889,0.2676984965801239,0.9164124131202698,-0.43714073300361633,0.9994869828224182,0.8232195377349854,1.3269678354263306,-0.18847432732582092,0.08891868591308594,0.16772371530532837,1.3497875928878784,-0.3711557984352112,0.2489587515592575,0.814922571182251,1.6891981363296509,-0.5718914270401001,0.019391732290387154,0.18791282176971436,1.6933157444000244,-0.8986169099807739,0.059848785400390625,0.6476777791976929,1.7472236156463623,-0.0407240092754364,0.000238116888795048,0.3425230085849762,1.74606454372406,0.04669136181473732,0.00022418712615035474
